date,mean_temperature_c,mean_temperature_c_completeness,max_temperature_c,max_temperature_c_completeness,min_temperature_c,min_temperature_c_completeness,relative_humidity_pct,relative_humidity_pct_completeness,rainfall_mm,rainfall_mm_completeness,global_solar_radiation_mj_m2,global_solar_radiation_mj_m2_completeness,mean_wind_speed_kmh,mean_wind_speed_kmh_completeness,is_rainy_day,is_hot_day_28c,cooling_degree_day_24c
2022-01-01,16.8,C,19.2,C,14.4,C,78.0,C,0.0,C,7.33,C,6.7,C,0,0,0.0
2022-01-02,16.9,C,20.5,C,13.9,C,82.0,C,0.0,C,16.14,C,6.9,C,0,0,0.0
2022-01-03,17.0,C,19.3,C,15.0,C,84.0,C,0.0,C,13.76,C,3.8,C,0,0,0.0
2022-01-04,18.0,C,21.3,C,14.6,C,80.0,C,0.5,C,15.8,C,6.4,C,1,0,0.0
2022-01-05,19.0,C,22.4,C,17.1,C,82.0,C,0.5,C,16.86,C,5.1,C,1,0,0.0
2022-01-06,19.3,C,22.2,C,16.6,C,82.0,C,0.0,C,15.38,C,9.8,C,0,0,0.0
2022-01-07,17.8,C,20.1,C,16.3,C,81.0,C,0.0,C,12.78,C,7.3,C,0,0,0.0
2022-01-08,16.8,C,18.7,C,14.7,C,74.0,C,0.0,C,16.34,C,6.5,C,0,0,0.0
2022-01-09,17.3,C,19.3,C,15.4,C,80.0,C,0.0,C,9.02,C,5.5,C,0,0,0.0
2022-01-10,17.7,C,20.1,C,15.8,C,76.0,C,0.0,C,11.8,C,4.8,C,0,0,0.0
2022-01-11,14.7,C,18.2,C,12.8,C,67.0,C,1.5,C,17.51,C,15.9,C,1,0,0.0
2022-01-12,15.2,C,16.3,C,13.2,C,72.0,C,0.0,C,5.7,C,8.1,C,0,0,0.0
2022-01-13,16.4,C,17.8,C,14.7,C,61.0,C,0.0,C,9.09,C,11.7,C,0,0,0.0
2022-01-14,15.9,C,17.0,C,14.0,C,75.0,C,0.0,C,3.5,C,11.0,C,0,0,0.0
2022-01-15,17.6,C,19.3,C,16.5,C,81.0,C,0.0,C,12.28,C,8.4,C,0,0,0.0
2022-01-16,17.8,C,20.3,C,15.9,C,84.0,C,0.0,C,9.22,C,5.0,C,0,0,0.0
2022-01-17,17.3,C,17.8,C,15.8,C,85.0,C,0.0,C,2.86,C,6.2,C,0,0,0.0
2022-01-18,16.7,C,17.6,C,14.9,C,80.0,C,0.0,C,4.63,C,8.9,C,0,0,0.0
2022-01-19,16.3,C,19.5,C,14.0,C,71.0,C,0.0,C,16.11,C,9.2,C,0,0,0.0
2022-01-20,16.8,C,19.5,C,14.2,C,73.0,C,0.0,C,16.11,C,6.1,C,0,0,0.0
2022-01-21,17.1,C,18.6,C,14.7,C,84.0,C,0.0,C,11.0,C,7.8,C,0,0,0.0
2022-01-22,17.0,C,17.6,#,16.3,#,93.0,C,4.0,C,4.09,C,7.1,C,1,0,0.0
2022-01-23,18.8,C,21.3,C,17.3,C,86.0,C,0.0,C,8.75,C,3.5,C,0,0,0.0
2022-01-24,19.1,C,21.8,C,18.2,C,90.0,C,1.5,C,7.41,C,4.8,C,1,0,0.0
2022-01-25,17.9,C,19.7,C,16.4,C,86.0,C,0.0,C,6.23,C,5.3,C,0,0,0.0
2022-01-26,18.6,C,20.7,C,17.2,C,86.0,C,0.0,C,8.85,C,6.3,C,0,0,0.0
2022-01-27,18.9,C,21.6,C,17.9,C,89.0,C,0.0,C,13.52,C,5.2,C,0,0,0.0
2022-01-28,18.2,C,19.0,C,17.5,C,91.0,C,0.5,C,3.45,C,10.4,C,1,0,0.0
2022-01-29,18.0,C,20.0,C,16.5,C,83.0,C,0.0,C,8.35,C,6.6,C,0,0,0.0
2022-01-30,14.6,C,17.1,C,11.7,C,65.0,C,0.0,C,16.73,C,16.3,C,0,0,0.0
2022-01-31,12.9,C,14.0,C,11.7,C,73.0,C,0.0,C,4.47,C,15.3,C,0,0,0.0
2022-02-01,13.3,C,14.8,C,11.9,C,86.0,C,2.5,C,2.95,C,10.9,C,1,0,0.0
2022-02-02,14.8,C,15.7,C,13.3,C,89.0,C,1.5,C,4.12,C,8.7,C,1,0,0.0
2022-02-03,12.8,C,14.1,C,11.1,C,83.0,C,0.5,C,3.96,C,8.0,C,1,0,0.0
2022-02-04,13.4,C,16.3,C,11.2,C,70.0,C,0.0,C,13.71,C,13.1,C,0,0,0.0
2022-02-05,14.1,C,16.8,C,11.9,C,71.0,C,0.0,C,11.53,C,11.8,C,0,0,0.0
2022-02-06,15.5,C,16.9,C,13.7,C,77.0,C,0.0,C,13.26,C,10.6,C,0,0,0.0
2022-02-07,16.1,C,17.8,C,14.7,C,87.0,C,0.0,C,2.89,C,10.5,C,0,0,0.0
2022-02-08,16.3,C,17.7,C,14.6,C,77.0,C,0.0,C,7.79,C,8.6,C,0,0,0.0
2022-02-09,16.0,C,17.1,C,14.6,C,77.0,C,0.0,C,5.04,C,6.8,C,0,0,0.0
2022-02-10,16.7,C,18.1,C,15.4,C,82.0,C,0.0,C,4.6,C,6.0,C,0,0,0.0
2022-02-11,17.9,C,20.6,C,15.6,C,84.0,C,0.0,C,14.41,C,6.3,C,0,0,0.0
2022-02-12,17.7,C,19.9,C,15.9,C,88.0,C,0.0,C,14.32,C,6.3,C,0,0,0.0
2022-02-13,16.5,C,17.7,C,14.2,C,85.0,C,1.5,C,2.78,C,10.4,C,1,0,0.0
2022-02-14,15.9,C,19.2,C,13.4,C,76.0,C,1.5,C,18.46,C,10.9,C,1,0,0.0
2022-02-15,16.4,C,19.1,C,14.6,C,82.0,C,0.0,C,15.78,C,7.0,C,0,0,0.0
2022-02-16,16.4,C,17.7,C,14.7,C,81.0,C,0.0,C,8.78,C,12.4,C,0,0,0.0
2022-02-17,15.6,C,16.7,C,15.0,C,88.0,C,4.5,C,1.83,C,17.8,C,1,0,0.0
2022-02-18,15.7,C,16.4,C,15.0,C,86.0,C,0.0,C,4.3,C,12.4,C,0,0,0.0
2022-02-19,11.5,C,15.9,C,8.5,C,92.0,C,25.5,#,1.69,C,20.2,C,1,0,0.0
2022-02-20,7.9,C,8.6,C,7.4,C,91.0,C,41.0,C,2.65,C,26.0,C,1,0,0.0
2022-02-21,8.4,C,9.9,C,7.2,C,92.0,C,38.5,C,2.98,C,17.8,C,1,0,0.0
2022-02-22,10.3,C,12.1,C,8.6,C,92.0,C,6.5,#,,,15.5,C,1,0,0.0
2022-02-23,11.7,C,14.8,C,9.1,C,74.0,C,,,12.65,#,14.8,C,0,0,0.0
2022-02-24,11.9,C,15.3,C,9.8,C,74.0,C,0.0,#,17.32,C,9.1,C,0,0,0.0
2022-02-25,14.1,C,17.6,C,10.4,C,75.0,C,0.0,C,20.68,C,7.4,C,0,0,0.0
2022-02-26,15.0,C,18.7,C,12.0,C,86.0,C,0.0,C,21.46,C,6.0,C,0,0,0.0
2022-02-27,16.1,C,20.6,C,12.6,C,84.0,C,0.0,C,22.01,C,5.4,C,0,0,0.0
2022-02-28,18.6,C,21.3,C,16.1,C,72.0,C,0.0,C,11.13,C,5.6,C,0,0,0.0
2022-03-01,20.6,C,25.0,C,18.2,C,81.0,C,0.0,C,19.3,C,3.8,C,0,0,0.0
2022-03-02,19.0,C,22.7,C,17.0,C,89.0,C,0.0,C,17.02,C,7.0,C,0,0,0.0
2022-03-03,18.9,C,21.0,C,17.1,C,78.0,C,0.0,C,18.39,C,6.3,C,0,0,0.0
2022-03-04,20.2,C,24.3,C,18.3,C,82.0,C,0.0,C,21.35,C,5.6,C,0,0,0.0
2022-03-05,19.6,C,22.7,C,17.3,C,89.0,C,0.0,C,18.53,C,7.4,C,0,0,0.0
2022-03-06,18.5,C,20.4,C,16.9,C,78.0,C,0.0,C,10.24,C,17.0,C,0,0,0.0
2022-03-07,19.4,C,22.6,C,16.5,C,70.0,C,6.0,C,16.47,C,13.8,C,1,0,0.0
2022-03-08,16.4,C,20.1,C,14.2,C,55.0,C,0.0,C,25.57,C,13.3,C,0,0,0.0
2022-03-09,17.3,C,21.0,C,12.6,C,63.0,C,0.0,C,24.89,C,7.3,C,0,0,0.0
2022-03-10,19.7,C,24.6,C,15.6,C,63.0,C,0.0,C,23.78,C,3.8,C,0,0,0.0
2022-03-11,20.1,C,25.2,C,16.4,C,77.0,C,0.0,C,22.27,C,4.5,C,0,0,0.0
2022-03-12,21.3,C,25.2,C,17.8,C,73.0,C,0.0,C,20.01,C,4.0,C,0,0,0.0
2022-03-13,22.4,C,27.7,C,19.7,C,80.0,C,0.0,C,19.3,C,4.4,C,0,0,0.0
2022-03-14,22.5,C,27.8,C,19.3,C,86.0,C,0.0,C,22.71,C,4.3,C,0,0,0.0
2022-03-15,22.5,C,26.1,C,19.4,C,86.0,C,0.0,C,21.91,C,6.4,C,0,0,0.0
2022-03-16,21.8,C,24.3,C,20.6,C,81.0,C,0.0,C,10.84,C,6.7,C,0,0,0.0
2022-03-17,23.1,C,26.2,#,21.7,#,91.0,C,1.0,C,14.91,C,4.9,C,1,0,0.0
2022-03-18,23.4,C,27.9,C,21.0,C,90.0,C,0.0,C,13.15,C,2.7,C,0,0,0.0
2022-03-19,22.2,C,24.0,C,21.4,C,91.0,C,0.0,C,8.76,C,4.8,C,0,0,0.0
2022-03-20,20.6,C,22.2,C,19.4,C,91.0,C,3.5,C,1.72,C,8.2,C,1,0,0.0
2022-03-21,21.6,C,23.3,C,20.7,C,94.0,C,0.5,C,4.33,C,4.3,C,1,0,0.0
2022-03-22,21.7,C,23.1,C,20.6,C,98.0,C,1.0,C,4.57,C,3.8,C,1,0,0.0
2022-03-23,16.5,C,20.6,#,15.1,#,94.0,C,62.5,C,3.37,C,11.3,C,1,0,0.0
2022-03-24,17.2,C,18.0,C,15.3,C,94.0,C,3.5,C,2.2,C,7.5,C,1,0,0.0
2022-03-25,22.2,C,26.2,C,17.9,C,94.0,C,5.5,C,2.51,C,7.5,C,1,0,0.0
2022-03-26,26.1,C,28.3,C,24.1,C,87.0,C,0.5,C,7.17,C,6.9,C,1,0,2.1000000000000014
2022-03-27,21.2,C,24.5,C,17.2,C,82.0,C,0.0,C,3.95,C,10.0,C,0,0,0.0
2022-03-28,16.6,C,17.8,C,15.6,C,90.0,C,40.5,C,3.17,C,8.4,C,1,0,0.0
2022-03-29,18.9,C,20.4,C,17.1,C,84.0,C,0.0,C,6.89,#,5.0,C,0,0,0.0
2022-03-30,22.0,C,25.4,C,18.9,C,80.0,C,0.0,#,10.11,#,3.6,C,0,0,0.0
2022-03-31,23.0,C,26.5,C,20.3,C,77.0,C,0.0,#,18.94,#,8.7,C,0,0,0.0
2022-04-01,18.3,C,21.3,C,14.6,C,86.0,C,2.0,C,3.43,C,19.2,C,1,0,0.0
2022-04-02,14.4,C,15.4,C,13.0,C,80.0,C,1.5,C,3.96,C,21.4,C,1,0,0.0
2022-04-03,17.6,C,21.3,C,14.9,C,58.0,C,0.5,#,24.13,#,13.8,C,1,0,0.0
2022-04-04,19.1,C,22.8,C,15.1,C,58.0,C,0.0,C,27.11,C,9.8,C,0,0,0.0
2022-04-05,19.6,C,23.4,C,16.0,C,73.0,C,0.0,#,25.92,C,6.5,C,0,0,0.0
2022-04-06,20.8,C,25.2,C,16.8,C,77.0,C,0.0,C,24.76,C,5.5,C,0,0,0.0
2022-04-07,21.7,C,26.7,C,18.1,C,74.0,C,0.0,C,24.06,C,5.6,C,0,0,0.0
2022-04-08,21.8,C,27.5,C,17.4,C,61.0,C,0.0,C,26.45,C,5.8,C,0,0,0.0
2022-04-09,21.9,C,26.7,C,18.8,C,71.0,C,0.0,C,26.91,C,5.6,C,0,0,0.0
2022-04-10,22.2,C,27.0,C,18.0,C,76.0,C,0.0,C,25.64,C,5.1,C,0,0,0.0
2022-04-11,23.7,C,28.6,C,20.4,C,85.0,C,0.0,C,22.79,C,4.8,C,0,0,0.0
2022-04-12,24.1,C,29.0,C,20.6,C,86.0,C,0.0,C,25.2,C,6.4,C,0,0,0.10000000000000142
2022-04-13,25.1,C,28.8,#,23.0,#,86.0,C,0.0,C,12.4,C,4.8,C,0,0,1.1000000000000014
2022-04-14,24.7,C,29.2,C,22.5,C,77.0,C,1.0,C,24.7,C,8.9,C,1,0,0.6999999999999993
2022-04-15,23.2,C,24.4,C,22.3,C,75.0,C,0.0,C,23.86,C,17.3,C,0,0,0.0
2022-04-16,21.4,C,22.4,C,20.9,C,78.0,C,0.0,C,10.58,C,22.3,C,0,0,0.0
2022-04-17,21.0,C,22.0,C,19.2,C,75.0,C,0.0,C,10.26,C,13.0,C,0,0,0.0
2022-04-18,21.3,C,23.1,C,20.1,C,76.0,C,0.0,C,5.68,C,9.8,C,0,0,0.0
2022-04-19,18.9,C,20.7,C,17.6,C,86.0,C,2.0,C,4.17,C,9.7,C,1,0,0.0
2022-04-20,21.1,C,25.2,C,19.0,C,79.0,C,0.0,C,15.36,#,5.3,C,0,0,0.0
2022-04-21,23.0,C,26.0,C,20.7,C,83.0,C,0.0,C,6.93,#,5.9,C,0,0,0.0
2022-04-22,24.1,C,25.8,C,22.8,C,89.0,C,0.0,C,9.77,C,4.1,C,0,0,0.10000000000000142
2022-04-23,25.4,C,28.6,C,23.6,C,89.0,C,0.0,C,21.05,C,6.0,C,0,0,1.3999999999999986
2022-04-24,25.5,C,28.6,C,23.4,C,92.0,C,0.0,C,20.57,C,9.8,C,0,0,1.5
2022-04-25,26.2,C,28.1,C,25.1,C,93.0,C,0.0,C,22.5,C,16.2,C,0,0,2.1999999999999993
2022-04-26,26.4,C,28.7,C,25.4,C,92.0,C,0.0,C,18.27,C,15.1,C,0,0,2.3999999999999986
2022-04-27,27.0,C,29.2,C,25.5,C,92.0,C,0.0,C,25.88,C,13.3,C,0,0,3.0
2022-04-28,27.4,C,30.0,#,26.3,#,90.0,C,0.0,C,21.04,C,9.2,C,0,0,3.3999999999999986
2022-04-29,27.6,C,31.5,C,25.8,C,86.0,C,0.0,C,18.82,C,8.1,C,0,0,3.6000000000000014
2022-04-30,24.8,C,26.1,C,24.1,C,89.0,C,1.0,C,6.13,C,12.0,C,1,0,0.8000000000000007
2022-05-01,19.8,C,24.2,C,16.8,C,91.0,C,36.5,C,4.53,C,21.3,C,1,0,0.0
2022-05-02,18.2,C,19.9,C,16.1,C,83.0,C,25.5,C,9.12,C,16.3,C,1,0,0.0
2022-05-03,22.0,C,25.6,C,18.5,C,65.0,C,0.0,C,25.36,C,10.0,C,0,0,0.0
2022-05-04,24.0,C,26.5,C,20.8,C,66.0,C,0.0,C,25.79,C,9.3,C,0,0,0.0
2022-05-05,24.4,C,27.9,C,22.2,C,77.0,C,0.0,C,25.19,C,7.8,C,0,0,0.3999999999999986
2022-05-06,24.7,C,28.0,C,22.2,C,81.0,C,0.0,C,26.36,C,6.4,C,0,0,0.6999999999999993
2022-05-07,24.9,C,28.7,C,23.0,C,82.0,C,1.5,C,16.4,C,5.0,C,1,0,0.8999999999999986
2022-05-08,24.6,C,26.4,C,22.6,C,74.0,C,0.0,C,10.99,C,7.2,C,0,0,0.6000000000000014
2022-05-09,25.1,C,28.9,C,23.8,C,79.0,C,0.0,C,12.56,C,5.7,C,0,0,1.1000000000000014
2022-05-10,24.7,C,25.4,C,23.8,C,95.0,C,27.0,C,4.32,C,7.5,C,1,0,0.6999999999999993
2022-05-11,24.6,C,25.2,C,24.0,C,97.0,C,110.0,C,2.52,C,6.3,C,1,0,0.6000000000000014
2022-05-12,24.7,C,25.9,C,24.0,C,97.0,C,159.0,C,1.05,C,5.0,C,1,0,0.6999999999999993
2022-05-13,25.6,C,28.4,#,23.9,#,93.0,C,68.5,C,7.42,C,4.7,C,1,0,1.6000000000000014
2022-05-14,24.0,C,25.9,C,22.8,C,96.0,C,10.5,C,5.62,C,7.3,C,1,0,0.0
2022-05-15,22.2,C,24.1,C,20.2,C,94.0,C,34.0,C,6.72,C,10.7,C,1,0,0.0
2022-05-16,19.7,C,20.7,C,18.5,C,86.0,C,3.5,C,5.64,C,15.9,C,1,0,0.0
2022-05-17,22.3,C,26.3,C,19.4,C,72.0,C,0.5,C,25.14,C,10.9,C,1,0,0.0
2022-05-18,23.9,C,27.1,C,20.6,C,54.0,C,0.0,#,21.65,C,9.1,C,0,0,0.0
2022-05-19,25.5,C,29.4,C,22.7,C,68.0,C,0.0,#,23.45,C,6.1,C,0,0,1.5
2022-05-20,25.9,C,29.6,C,24.0,C,82.0,C,0.0,C,24.88,C,7.9,C,0,0,1.8999999999999986
2022-05-21,26.1,C,29.5,C,23.2,C,84.0,C,0.0,C,22.02,C,8.1,C,0,0,2.1000000000000014
2022-05-22,24.8,C,25.5,C,24.3,C,86.0,C,0.0,C,13.77,C,17.4,C,0,0,0.8000000000000007
2022-05-23,24.1,C,24.9,C,23.0,C,91.0,C,5.0,C,5.97,C,16.0,C,1,0,0.10000000000000142
2022-05-24,24.4,C,25.0,C,23.9,C,94.0,C,7.0,C,4.66,C,9.5,C,1,0,0.3999999999999986
2022-05-25,25.1,C,27.8,C,23.7,C,93.0,C,1.0,C,9.13,C,5.4,C,1,0,1.1000000000000014
2022-05-26,25.8,C,27.9,C,24.9,C,95.0,C,25.5,C,10.21,C,4.2,C,1,0,1.8000000000000007
2022-05-27,26.4,C,28.2,C,25.1,C,95.0,C,21.0,C,5.58,C,5.5,C,1,0,2.3999999999999986
2022-05-28,27.4,C,30.6,C,25.9,C,93.0,C,2.0,C,23.1,C,16.2,C,1,0,3.3999999999999986
2022-05-29,27.9,C,29.4,C,26.7,C,93.0,C,0.0,C,27.2,C,16.0,C,0,0,3.8999999999999986
2022-05-30,28.0,C,29.6,C,26.7,C,91.0,C,1.5,C,23.13,C,11.5,C,1,0,4.0
2022-05-31,27.6,C,30.2,C,26.4,C,89.0,C,4.0,C,14.69,C,8.0,C,1,0,3.6000000000000014
2022-06-01,28.7,C,32.1,C,26.3,C,85.0,C,7.0,C,18.24,C,8.6,C,1,1,4.699999999999999
2022-06-02,29.1,C,32.5,C,25.8,C,81.0,C,1.5,C,22.25,C,10.6,C,1,1,5.100000000000001
2022-06-03,28.6,C,30.5,C,27.2,C,87.0,C,5.5,C,14.59,C,10.0,C,1,1,4.600000000000001
2022-06-04,29.2,C,32.3,C,27.2,C,83.0,C,2.0,C,21.1,C,11.3,C,1,1,5.199999999999999
2022-06-05,29.9,C,32.4,C,27.7,C,78.0,C,0.5,C,21.64,C,11.7,C,1,1,5.899999999999999
2022-06-06,28.8,C,31.5,C,27.3,C,86.0,C,29.0,C,12.9,C,6.2,C,1,1,4.800000000000001
2022-06-07,27.2,C,30.4,C,24.8,C,91.0,C,51.0,C,6.47,C,3.9,C,1,0,3.1999999999999993
2022-06-08,25.3,C,26.7,C,24.5,C,96.0,C,149.0,C,1.53,C,4.2,C,1,0,1.3000000000000007
2022-06-09,26.1,C,27.4,C,25.3,C,94.0,C,32.5,C,6.11,C,4.8,C,1,0,2.1000000000000014
2022-06-10,26.4,C,28.0,C,25.1,C,92.0,C,19.0,C,9.1,C,5.9,C,1,0,2.3999999999999986
2022-06-11,26.3,C,27.8,C,25.1,C,94.0,C,59.5,C,5.5,C,3.8,C,1,0,2.3000000000000007
2022-06-12,28.2,C,30.8,C,25.7,C,88.0,C,2.5,C,8.88,C,6.7,C,1,1,4.199999999999999
2022-06-13,29.5,C,31.9,C,27.5,C,80.0,C,0.0,C,14.79,C,9.5,C,0,1,5.5
2022-06-14,27.6,C,30.0,C,25.0,C,88.0,C,56.0,C,4.93,C,7.1,C,1,0,3.6000000000000014
2022-06-15,26.4,C,29.9,C,24.3,C,91.0,C,8.0,C,13.04,C,5.8,C,1,0,2.3999999999999986
2022-06-16,27.1,C,31.5,C,24.0,C,88.0,C,4.0,C,15.08,C,3.9,C,1,0,3.1000000000000014
2022-06-17,29.1,C,32.2,C,27.1,C,81.0,C,1.0,C,19.17,C,9.1,C,1,1,5.100000000000001
2022-06-18,28.7,C,30.5,C,27.0,C,84.0,C,0.0,C,9.84,C,11.4,C,0,1,4.699999999999999
2022-06-19,29.0,C,30.9,C,27.9,C,86.0,C,1.0,C,10.77,C,13.7,C,1,1,5.0
2022-06-20,29.2,C,31.1,C,27.7,C,84.0,C,1.5,C,10.38,C,13.7,C,1,1,5.199999999999999
2022-06-21,29.2,C,30.8,C,27.9,C,84.0,C,0.0,C,11.84,C,16.1,C,0,1,5.199999999999999
2022-06-22,29.4,C,32.8,C,26.8,C,83.0,C,0.0,C,19.08,C,9.0,C,0,1,5.399999999999999
2022-06-23,30.0,C,34.8,C,26.9,C,78.0,C,0.0,C,27.66,C,9.3,C,0,1,6.0
2022-06-24,30.0,C,33.3,C,26.6,C,76.0,C,0.0,C,25.94,C,6.6,C,0,1,6.0
2022-06-25,30.2,C,35.1,C,26.8,C,74.0,C,0.0,C,25.65,C,5.6,C,0,1,6.199999999999999
2022-06-26,29.6,C,33.7,C,27.2,C,80.0,C,0.0,C,26.09,C,11.1,C,0,1,5.600000000000001
2022-06-27,29.5,C,32.0,C,27.2,C,79.0,C,0.0,C,28.05,C,10.9,C,0,1,5.5
2022-06-28,29.8,C,34.0,#,27.2,#,78.0,C,0.0,C,27.71,C,7.7,C,0,1,5.800000000000001
2022-06-29,29.4,C,32.4,C,27.8,C,83.0,C,2.5,C,20.47,C,8.3,C,1,1,5.399999999999999
2022-06-30,27.7,C,29.5,C,25.5,C,88.0,C,45.5,C,5.63,C,15.7,C,1,0,3.6999999999999993
2022-07-01,27.6,C,30.1,C,25.5,C,86.0,C,33.0,C,13.13,C,30.7,C,1,0,3.6000000000000014
2022-07-02,27.3,C,28.4,C,25.8,C,89.0,C,25.0,C,4.19,C,35.7,C,1,0,3.3000000000000007
2022-07-03,29.3,C,30.7,C,28.2,C,84.0,C,1.0,C,10.71,C,28.0,C,1,1,5.300000000000001
2022-07-04,29.0,C,30.3,#,28.3,#,83.0,C,0.0,C,5.7,C,21.8,C,0,1,5.0
2022-07-05,28.7,C,30.2,C,27.8,C,86.0,C,4.0,C,6.17,C,13.4,C,1,1,4.699999999999999
2022-07-06,28.4,C,30.7,#,26.6,#,87.0,C,2.5,C,11.87,C,5.5,C,1,1,4.399999999999999
2022-07-07,28.1,C,30.2,C,26.2,C,91.0,C,24.0,C,16.27,C,13.1,C,1,1,4.100000000000001
2022-07-08,29.5,C,32.7,C,27.0,C,83.0,C,0.0,C,21.9,C,7.3,C,0,1,5.5
2022-07-09,29.8,C,32.0,C,28.3,C,84.0,C,0.0,C,21.28,C,11.1,C,0,1,5.800000000000001
2022-07-10,30.3,C,33.2,C,28.6,C,82.0,C,0.0,C,24.96,C,10.7,C,0,1,6.300000000000001
2022-07-11,30.3,C,33.9,C,27.4,C,80.0,C,0.0,C,27.13,C,7.0,C,0,1,6.300000000000001
2022-07-12,30.1,C,33.6,C,27.5,C,80.0,C,0.0,C,24.91,C,7.4,C,0,1,6.100000000000001
2022-07-13,30.6,C,34.2,C,27.6,C,76.0,C,0.0,C,28.1,C,7.9,C,0,1,6.600000000000001
2022-07-14,30.6,C,34.1,C,27.8,C,77.0,C,0.0,C,23.08,C,8.8,C,0,1,6.600000000000001
2022-07-15,31.4,C,35.4,C,27.8,C,73.0,C,0.0,C,22.33,C,5.4,C,0,1,7.399999999999999
2022-07-16,31.0,C,34.6,C,28.5,C,76.0,C,5.5,C,22.43,C,7.2,C,1,1,7.0
2022-07-17,31.4,C,34.3,C,29.0,C,73.0,C,0.0,C,22.35,C,9.2,C,0,1,7.399999999999999
2022-07-18,31.1,C,34.3,#,28.4,#,77.0,C,1.5,C,23.77,C,10.6,C,1,1,7.100000000000001
2022-07-19,30.4,C,33.7,C,27.9,C,82.0,C,2.5,C,24.15,C,12.9,C,1,1,6.399999999999999
2022-07-20,30.3,C,33.2,C,27.6,C,82.0,C,1.0,C,25.64,C,13.2,C,1,1,6.300000000000001
2022-07-21,30.1,C,32.9,C,27.5,C,81.0,C,0.0,C,27.92,C,8.3,C,0,1,6.100000000000001
2022-07-22,30.9,C,35.1,C,27.4,C,76.0,C,0.0,C,27.74,C,6.3,C,0,1,6.899999999999999
2022-07-23,31.4,C,34.4,C,28.3,C,78.0,C,0.0,C,27.84,C,7.3,C,0,1,7.399999999999999
2022-07-24,31.8,C,35.3,C,28.9,C,77.0,C,0.0,C,26.55,C,6.7,C,0,1,7.800000000000001
2022-07-25,31.6,C,35.0,C,28.9,C,80.0,C,0.0,C,26.75,C,7.3,C,0,1,7.600000000000001
2022-07-26,30.6,C,33.0,C,28.5,C,78.0,C,0.0,C,26.81,C,9.3,C,0,1,6.600000000000001
2022-07-27,30.9,C,34.8,C,27.4,C,74.0,C,0.0,C,27.06,C,6.2,C,0,1,6.899999999999999
2022-07-28,31.3,C,34.2,C,27.8,C,77.0,C,0.0,C,26.68,C,7.0,C,0,1,7.300000000000001
2022-07-29,31.6,C,35.1,C,28.3,C,78.0,C,0.0,C,23.8,C,5.9,C,0,1,7.600000000000001
2022-07-30,28.6,C,31.7,C,25.3,C,85.0,C,37.0,C,6.86,C,3.8,C,1,1,4.600000000000001
2022-07-31,30.2,C,34.8,C,27.1,C,82.0,C,0.0,C,24.45,C,3.8,C,0,1,6.199999999999999
2022-08-01,30.6,C,33.7,C,27.5,C,79.0,C,0.0,C,27.11,C,6.3,C,0,1,6.600000000000001
2022-08-02,30.2,C,34.5,C,26.4,C,79.0,C,11.5,C,24.87,C,6.8,C,1,1,6.199999999999999
2022-08-03,27.8,C,33.0,C,26.1,C,87.0,C,1.5,C,11.25,C,4.3,C,1,0,3.8000000000000007
2022-08-04,26.7,C,28.3,C,25.8,C,91.0,C,23.5,C,5.33,C,7.2,C,1,0,2.6999999999999993
2022-08-05,26.0,C,29.9,C,24.3,C,94.0,C,123.5,C,9.51,C,4.3,C,1,0,2.0
2022-08-06,28.0,C,30.9,C,25.3,C,88.0,C,1.0,C,20.24,C,5.2,C,1,0,4.0
2022-08-07,29.5,C,31.5,C,27.2,C,82.0,C,5.5,C,24.88,C,12.5,C,1,1,5.5
2022-08-08,28.4,C,30.7,C,26.5,C,86.0,C,12.5,C,11.27,C,10.0,C,1,1,4.399999999999999
2022-08-09,27.1,C,28.6,C,25.3,C,88.0,C,37.0,C,7.54,C,23.3,C,1,0,3.1000000000000014
2022-08-10,28.2,C,30.0,C,26.6,C,86.0,C,22.5,C,11.29,C,25.0,C,1,1,4.199999999999999
2022-08-11,27.1,C,30.2,C,25.1,C,89.0,C,17.5,C,9.82,C,11.1,C,1,0,3.1000000000000014
2022-08-12,26.1,C,28.3,C,25.1,C,94.0,C,36.5,C,6.25,C,2.5,C,1,0,2.1000000000000014
2022-08-13,27.7,C,31.1,C,24.9,C,88.0,C,0.5,C,21.25,C,5.8,C,1,0,3.6999999999999993
2022-08-14,29.0,C,32.5,C,25.7,C,84.0,C,0.0,C,23.93,C,5.9,C,0,1,5.0
2022-08-15,29.9,C,33.1,C,26.7,C,81.0,C,0.0,C,24.09,C,6.5,C,0,1,5.899999999999999
2022-08-16,29.6,C,32.4,C,27.4,C,82.0,C,3.0,C,21.23,C,9.2,C,1,1,5.600000000000001
2022-08-17,28.3,C,32.4,C,26.5,C,86.0,C,7.5,C,16.47,C,10.5,C,1,1,4.300000000000001
2022-08-18,28.6,C,31.8,C,26.3,C,85.0,C,9.0,C,18.46,C,4.8,C,1,1,4.600000000000001
2022-08-19,28.4,C,32.3,C,26.2,C,85.0,C,18.0,C,13.8,C,8.5,C,1,1,4.399999999999999
2022-08-20,28.8,C,31.4,C,26.6,C,82.0,C,7.0,C,23.11,C,21.9,C,1,1,4.800000000000001
2022-08-21,29.3,C,31.0,C,27.2,C,84.0,C,2.5,C,23.0,C,14.3,C,1,1,5.300000000000001
2022-08-22,30.4,C,33.6,C,27.0,C,79.0,C,0.0,C,22.72,C,4.1,C,0,1,6.399999999999999
2022-08-23,31.3,C,35.0,C,28.1,C,77.0,C,0.0,C,24.05,C,6.3,C,0,1,7.300000000000001
2022-08-24,30.5,C,34.0,C,26.3,C,75.0,C,2.5,C,18.8,C,18.7,C,1,1,6.5
2022-08-25,27.3,C,29.0,C,25.0,C,87.0,C,42.5,C,8.77,C,21.3,C,1,0,3.3000000000000007
2022-08-26,28.7,C,30.7,C,27.1,C,88.0,C,0.0,C,19.76,C,15.3,C,0,1,4.699999999999999
2022-08-27,29.9,C,33.3,C,26.3,C,82.0,C,0.0,C,25.54,C,5.2,C,0,1,5.899999999999999
2022-08-28,30.0,C,34.3,C,27.4,C,84.0,C,0.0,C,23.12,C,6.8,C,0,1,6.0
2022-08-29,29.5,C,32.5,C,28.1,C,85.0,C,0.0,C,16.77,C,5.5,C,0,1,5.5
2022-08-30,29.8,C,33.3,C,27.2,C,81.0,C,0.0,C,22.05,C,4.7,C,0,1,5.800000000000001
2022-08-31,30.1,C,33.7,C,27.4,C,79.0,C,0.0,C,17.91,C,5.0,C,0,1,6.100000000000001
2022-09-01,29.8,C,34.4,C,27.9,C,78.0,C,3.5,C,19.15,C,7.1,C,1,1,5.800000000000001
2022-09-02,29.5,C,31.9,C,26.8,C,63.0,C,0.0,C,21.36,C,11.3,C,0,1,5.5
2022-09-03,30.1,C,32.5,C,27.5,C,53.0,C,0.0,C,25.05,C,12.4,C,0,1,6.100000000000001
2022-09-04,29.8,C,32.9,C,27.6,C,59.0,C,0.0,C,25.62,C,10.3,C,0,1,5.800000000000001
2022-09-05,29.6,C,33.1,C,26.6,C,62.0,C,0.0,C,23.4,C,6.8,C,0,1,5.600000000000001
2022-09-06,29.9,C,34.5,C,27.0,C,65.0,C,0.0,C,22.19,C,5.7,C,0,1,5.899999999999999
2022-09-07,28.2,C,29.1,C,26.1,C,83.0,C,4.0,C,11.34,C,13.6,C,1,1,4.199999999999999
2022-09-08,29.4,C,33.7,C,27.3,C,70.0,C,0.0,C,23.45,C,9.5,C,0,1,5.399999999999999
2022-09-09,29.0,C,33.1,C,26.0,C,61.0,C,0.0,C,24.22,C,6.8,C,0,1,5.0
2022-09-10,28.5,C,32.6,C,26.2,C,80.0,C,0.0,C,19.38,C,4.6,C,0,1,4.5
2022-09-11,29.3,C,33.2,C,26.3,C,80.0,C,0.0,C,19.7,C,3.0,C,0,1,5.300000000000001
2022-09-12,29.9,C,33.9,C,26.8,C,72.0,C,0.0,C,22.75,C,5.5,C,0,1,5.899999999999999
2022-09-13,30.5,C,34.9,C,26.2,C,59.0,C,0.0,C,23.16,C,5.6,C,0,1,6.5
2022-09-14,30.7,C,34.6,C,26.9,C,50.0,C,0.0,C,23.2,C,6.8,C,0,1,6.699999999999999
2022-09-15,29.6,C,33.9,C,26.0,C,60.0,C,0.0,C,22.58,C,7.0,C,0,1,5.600000000000001
2022-09-16,29.6,C,34.2,C,26.5,C,72.0,C,0.0,C,21.08,C,3.6,C,0,1,5.600000000000001
2022-09-17,29.6,C,33.5,C,26.4,C,78.0,C,0.0,C,20.72,C,3.5,C,0,1,5.600000000000001
2022-09-18,29.7,C,35.1,C,25.6,C,81.0,C,0.5,C,18.16,C,3.8,C,1,1,5.699999999999999
2022-09-19,29.0,C,33.0,C,26.7,C,78.0,C,4.5,C,18.79,C,6.6,C,1,1,5.0
2022-09-20,28.4,C,29.9,C,26.5,C,81.0,C,3.0,C,10.42,C,9.0,C,1,1,4.399999999999999
2022-09-21,28.3,C,29.2,C,27.7,C,73.0,C,0.5,C,21.35,C,17.5,C,1,1,4.300000000000001
2022-09-22,28.0,C,29.4,C,26.5,C,76.0,C,0.0,C,21.85,C,10.3,C,0,0,4.0
2022-09-23,28.0,C,31.2,C,25.4,C,80.0,C,1.0,C,18.64,C,5.1,C,1,0,4.0
2022-09-24,28.1,C,30.1,C,26.9,C,72.0,C,0.0,C,15.75,C,11.8,C,0,1,4.100000000000001
2022-09-25,28.2,C,31.2,C,26.5,C,73.0,C,0.0,C,20.88,C,7.7,C,0,1,4.199999999999999
2022-09-26,28.7,C,31.7,C,26.2,C,74.0,C,0.0,C,22.8,C,8.5,C,0,1,4.699999999999999
2022-09-27,28.9,C,31.0,C,28.1,C,76.0,C,0.0,C,17.81,C,25.3,C,0,1,4.899999999999999
2022-09-28,28.5,C,29.6,C,27.7,C,78.0,C,0.0,C,19.71,C,23.8,C,0,1,4.5
2022-09-29,27.9,C,29.3,C,24.2,C,83.0,C,8.5,C,11.4,C,18.5,C,1,0,3.8999999999999986
2022-09-30,26.4,C,28.3,C,24.4,C,92.0,C,72.0,C,2.99,C,12.0,C,1,0,2.3999999999999986
2022-10-01,27.8,C,29.7,C,25.1,C,86.0,C,0.0,C,15.02,C,10.5,C,0,0,3.8000000000000007
2022-10-02,28.5,C,29.9,C,27.9,C,85.0,C,0.5,C,15.73,C,13.0,C,1,1,4.5
2022-10-03,28.8,C,31.6,C,26.5,C,79.0,C,0.0,C,22.67,C,4.5,C,0,1,4.800000000000001
2022-10-04,28.4,C,32.1,C,25.6,C,82.0,C,0.0,C,22.22,C,4.7,C,0,1,4.399999999999999
2022-10-05,28.3,C,30.2,C,26.2,C,80.0,C,0.0,C,19.72,C,12.8,C,0,1,4.300000000000001
2022-10-06,28.4,C,29.7,C,27.3,C,78.0,C,0.0,C,21.96,C,14.9,C,0,1,4.399999999999999
2022-10-07,28.0,C,30.2,C,24.7,C,77.0,C,13.0,C,20.49,C,13.4,C,1,0,4.0
2022-10-08,26.8,C,28.6,C,24.6,C,75.0,C,0.0,C,20.93,C,10.9,C,0,0,2.8000000000000007
2022-10-09,27.0,C,30.4,C,23.3,C,68.0,C,0.5,C,19.68,C,16.7,C,1,0,3.0
2022-10-10,23.6,C,26.0,C,21.4,C,52.0,C,0.0,C,13.52,C,22.6,C,0,0,0.0
2022-10-11,22.9,C,26.0,C,20.5,C,47.0,C,0.0,C,22.11,C,9.1,C,0,0,0.0
2022-10-12,23.8,C,27.3,C,21.3,C,51.0,C,0.0,C,22.22,C,10.3,C,0,0,0.0
2022-10-13,25.3,C,28.8,C,22.7,C,60.0,C,0.0,C,18.16,C,10.2,C,0,0,1.3000000000000007
2022-10-14,26.0,C,29.2,C,24.3,C,69.0,C,0.0,C,20.22,C,10.3,C,0,0,2.0
2022-10-15,26.8,C,29.7,C,23.6,C,54.0,C,0.0,C,21.73,C,11.9,C,0,0,2.8000000000000007
2022-10-16,28.3,C,30.6,C,26.0,C,45.0,C,0.0,C,14.38,C,25.1,C,0,1,4.300000000000001
2022-10-17,27.0,C,28.4,C,25.9,C,45.0,C,0.0,C,12.19,C,31.6,C,0,0,3.0
2022-10-18,20.6,C,26.8,C,17.3,C,68.0,C,13.5,C,5.26,C,31.8,C,1,0,0.0
2022-10-19,22.9,C,24.8,C,19.0,C,54.0,C,0.0,C,18.19,C,14.3,C,0,0,0.0
2022-10-20,24.1,C,25.1,C,22.7,C,66.0,C,0.0,C,12.13,C,18.7,C,0,0,0.10000000000000142
2022-10-21,24.4,C,27.6,C,22.3,C,70.0,C,0.0,C,20.97,C,10.0,C,0,0,0.3999999999999986
2022-10-22,25.4,C,29.9,C,21.0,C,71.0,C,0.0,C,16.55,C,5.8,C,0,0,1.3999999999999986
2022-10-23,25.6,C,28.9,C,23.8,C,75.0,C,0.0,C,15.14,C,8.5,C,0,0,1.6000000000000014
2022-10-24,24.6,C,26.3,C,23.1,C,71.0,C,0.0,C,19.4,C,14.5,C,0,0,0.6000000000000014
2022-10-25,23.5,C,24.2,C,22.7,C,67.0,C,0.0,C,21.19,C,23.1,C,0,0,0.0
2022-10-26,23.2,C,24.7,C,21.8,C,70.0,C,0.0,C,20.87,C,12.6,C,0,0,0.0
2022-10-27,23.9,C,26.3,C,22.1,C,72.0,C,0.0,C,20.55,C,9.7,C,0,0,0.0
2022-10-28,24.7,C,28.0,C,22.5,C,70.0,C,0.0,C,19.24,C,10.3,C,0,0,0.6999999999999993
2022-10-29,25.0,C,28.1,C,22.6,C,68.0,C,0.0,C,18.58,C,12.5,C,0,0,1.0
2022-10-30,24.8,C,27.4,#,22.0,#,59.0,C,0.0,C,17.81,C,22.7,C,0,0,0.8000000000000007
2022-10-31,25.1,C,26.6,C,23.3,C,51.0,C,0.0,C,12.1,C,31.6,C,0,0,1.1000000000000014
2022-11-01,21.6,C,25.1,C,18.8,C,65.0,C,0.0,#,3.32,C,30.7,C,0,0,0.0
2022-11-02,19.7,C,21.9,C,18.8,C,87.0,C,,,6.33,C,27.9,C,0,0,0.0
2022-11-03,21.9,C,22.4,C,21.3,C,94.0,C,0.0,#,3.1,C,15.2,C,0,0,0.0
2022-11-04,22.9,C,24.1,C,22.1,C,86.0,C,0.0,C,6.96,C,23.0,C,0,0,0.0
2022-11-05,20.9,C,22.2,C,19.8,C,81.0,C,0.0,C,3.36,C,13.6,C,0,0,0.0
2022-11-06,20.2,C,22.1,C,18.9,C,85.0,C,0.0,#,7.83,C,9.8,C,0,0,0.0
2022-11-07,21.0,C,22.3,C,19.5,C,86.0,C,0.0,#,9.26,C,10.2,C,0,0,0.0
2022-11-08,22.0,C,23.5,C,20.6,C,87.0,C,0.0,#,7.39,C,7.6,C,0,0,0.0
2022-11-09,23.2,C,25.3,C,20.8,C,80.0,C,0.0,C,18.6,C,5.0,C,0,0,0.0
2022-11-10,24.2,C,27.7,C,22.6,C,81.0,C,0.0,C,19.09,C,5.4,C,0,0,0.1999999999999993
2022-11-11,24.1,C,26.9,C,22.0,C,82.0,C,0.0,C,14.59,C,7.5,C,0,0,0.10000000000000142
2022-11-12,23.9,C,26.5,C,21.5,C,83.0,C,0.0,C,11.19,C,4.3,C,0,0,0.0
2022-11-13,23.2,C,25.9,C,20.7,C,89.0,C,0.0,C,18.23,C,4.3,C,0,0,0.0
2022-11-14,23.8,C,25.2,C,23.0,C,81.0,C,0.0,C,9.23,C,12.3,C,0,0,0.0
2022-11-15,23.4,C,24.6,C,21.8,C,82.0,C,0.0,C,8.13,C,4.5,C,0,0,0.0
2022-11-16,23.5,C,24.7,C,21.7,C,84.0,C,0.0,C,15.86,C,11.8,C,0,0,0.0
2022-11-17,23.7,C,25.9,C,22.0,C,84.0,C,0.0,C,10.09,C,4.9,C,0,0,0.0
2022-11-18,23.7,C,26.2,C,21.3,C,84.0,C,0.0,C,13.0,C,6.5,C,0,0,0.0
2022-11-19,24.0,C,27.2,C,22.0,C,83.0,C,0.0,C,18.05,C,4.8,C,0,0,0.0
2022-11-20,23.9,C,26.9,C,21.8,C,81.0,C,0.0,C,16.66,C,8.3,C,0,0,0.0
2022-11-21,23.6,C,24.8,C,22.2,C,81.0,C,1.0,C,3.95,C,12.3,C,1,0,0.0
2022-11-22,23.3,C,24.1,C,22.4,C,88.0,C,1.5,C,3.1,C,6.4,C,1,0,0.0
2022-11-23,23.2,C,23.7,C,22.7,C,93.0,C,12.5,C,1.56,C,6.3,C,1,0,0.0
2022-11-24,21.8,C,22.9,C,21.2,C,93.0,C,9.5,C,1.11,C,8.4,C,1,0,0.0
2022-11-25,22.2,C,23.4,C,21.1,C,91.0,C,6.0,C,3.2,C,4.2,C,1,0,0.0
2022-11-26,22.3,C,23.6,C,21.4,C,90.0,C,0.5,C,4.48,C,4.2,C,1,0,0.0
2022-11-27,22.8,C,23.3,C,22.1,C,91.0,C,2.5,C,1.3,C,7.5,C,1,0,0.0
2022-11-28,24.6,C,26.7,C,22.9,C,94.0,C,2.0,C,10.49,C,4.1,C,1,0,0.6000000000000014
2022-11-29,24.6,C,27.8,C,22.4,C,90.0,C,0.0,C,16.37,C,4.4,C,0,0,0.6000000000000014
2022-11-30,21.0,C,26.3,C,16.6,C,85.0,C,0.5,C,6.98,C,12.0,C,1,0,0.0
2022-12-01,14.8,C,16.8,C,13.6,C,78.0,C,0.0,C,8.45,C,17.2,C,0,0,0.0
2022-12-02,15.3,C,18.4,C,12.0,C,72.0,C,0.0,C,14.4,C,15.0,C,0,0,0.0
2022-12-03,18.6,C,21.2,C,15.8,C,75.0,C,0.0,C,10.82,C,10.5,C,0,0,0.0
2022-12-04,20.2,C,22.4,C,19.2,C,76.0,C,0.0,C,11.8,C,13.7,C,0,0,0.0
2022-12-05,16.7,C,19.3,C,14.4,C,68.0,C,0.0,C,6.86,C,10.7,C,0,0,0.0
2022-12-06,15.8,C,17.8,C,13.8,C,72.0,C,0.0,C,11.12,C,12.6,C,0,0,0.0
2022-12-07,17.7,C,20.2,#,15.5,#,69.0,C,0.0,C,13.02,C,11.8,C,0,0,0.0
2022-12-08,18.5,C,21.4,C,16.1,C,77.0,C,0.0,C,16.85,C,6.5,C,0,0,0.0
2022-12-09,18.8,C,21.7,C,16.6,C,68.0,C,0.0,C,16.87,C,12.7,C,0,0,0.0
2022-12-10,17.8,C,21.1,C,14.9,C,63.0,C,0.0,C,16.76,C,15.8,C,0,0,0.0
2022-12-11,16.1,C,17.4,C,14.9,C,61.0,C,0.0,C,7.66,C,13.2,C,0,0,0.0
2022-12-12,15.4,C,16.9,C,14.5,C,63.0,C,0.0,C,11.93,C,22.3,C,0,0,0.0
2022-12-13,13.9,C,16.1,C,12.0,C,72.0,C,3.0,C,6.11,C,14.3,C,1,0,0.0
2022-12-14,11.8,C,12.8,C,11.0,C,89.0,C,8.5,C,2.58,C,14.5,C,1,0,0.0
2022-12-15,13.8,C,15.6,C,11.8,C,92.0,C,4.0,C,3.99,C,12.1,C,1,0,0.0
2022-12-16,16.2,C,17.6,C,14.4,C,90.0,C,4.0,C,2.41,C,15.9,C,1,0,0.0
2022-12-17,12.7,C,14.3,C,11.9,C,59.0,C,3.5,C,5.13,C,37.6,C,1,0,0.0
2022-12-18,11.3,C,13.5,C,9.1,C,31.0,C,0.0,C,17.46,C,31.5,C,0,0,0.0
2022-12-19,12.9,C,16.4,C,10.0,C,48.0,C,0.0,C,17.09,C,8.8,C,0,0,0.0
2022-12-20,16.1,C,18.8,C,13.2,C,72.0,C,0.0,C,14.7,C,6.2,C,0,0,0.0
2022-12-21,17.2,C,20.2,C,14.4,C,44.0,C,0.5,C,16.76,C,15.2,C,1,0,0.0
2022-12-22,16.7,C,19.9,C,13.6,C,33.0,C,0.0,C,17.91,C,13.9,C,0,0,0.0
2022-12-23,15.6,C,19.3,#,11.9,#,43.0,C,0.0,C,17.54,C,11.1,C,0,0,0.0
2022-12-24,15.1,C,19.7,C,11.8,C,51.0,C,0.0,C,17.43,C,7.8,C,0,0,0.0
2022-12-25,14.8,C,17.0,C,12.0,C,60.0,C,0.0,C,17.41,C,7.5,C,0,0,0.0
2022-12-26,14.8,C,17.7,C,12.7,C,70.0,C,0.0,C,16.91,C,6.8,C,0,0,0.0
2022-12-27,15.9,C,17.7,C,12.5,C,74.0,C,0.0,C,16.8,C,10.0,C,0,0,0.0
2022-12-28,16.8,C,20.1,C,13.4,C,67.0,C,0.0,C,16.31,C,8.9,C,0,0,0.0
2022-12-29,15.5,C,17.9,C,13.2,C,59.0,C,0.0,C,13.2,C,12.9,C,0,0,0.0
2022-12-30,13.7,C,15.9,C,11.1,C,64.0,C,0.0,C,16.04,C,14.5,C,0,0,0.0
2022-12-31,14.5,C,17.9,C,10.9,C,65.0,C,0.0,C,16.72,C,12.0,C,0,0,0.0
2023-01-01,15.8,C,18.1,C,13.0,C,66.0,C,0.0,C,9.87,C,13.3,C,0,0,0.0
2023-01-02,17.8,C,20.1,C,16.1,C,66.0,C,0.0,C,13.28,C,12.2,C,0,0,0.0
2023-01-03,16.0,C,18.0,C,14.3,C,71.0,C,0.5,C,7.72,C,13.1,#,1,0,0.0
2023-01-04,16.5,C,18.9,C,14.9,C,76.0,C,0.0,C,11.61,C,9.2,C,0,0,0.0
2023-01-05,17.2,C,20.6,C,15.2,C,82.0,C,0.0,C,15.71,C,7.4,C,0,0,0.0
2023-01-06,19.0,C,23.0,C,15.0,C,63.0,C,0.0,C,17.12,C,14.6,C,0,0,0.0
2023-01-07,18.3,C,20.7,C,17.0,C,62.0,C,0.0,C,11.29,C,11.6,C,0,0,0.0
2023-01-08,18.0,C,19.5,C,15.5,C,64.0,C,0.0,C,2.87,C,5.8,C,0,0,0.0
2023-01-09,18.8,C,21.9,C,16.8,C,76.0,C,0.0,C,4.05,C,4.2,C,0,0,0.0
2023-01-10,17.6,C,18.1,C,17.1,C,91.0,C,4.0,C,2.54,C,6.8,C,1,0,0.0
2023-01-11,17.8,C,19.6,C,16.8,C,89.0,C,3.0,C,5.51,C,5.4,C,1,0,0.0
2023-01-12,18.5,C,19.6,C,17.7,C,90.0,C,2.0,C,1.55,C,6.0,C,1,0,0.0
2023-01-13,19.6,C,21.0,C,18.4,C,97.0,C,3.0,C,3.57,C,1.7,C,1,0,0.0
2023-01-14,21.5,C,25.3,C,19.0,C,93.0,C,3.5,C,15.7,C,3.1,C,1,0,0.0
2023-01-15,16.8,C,20.3,C,11.6,C,79.0,C,0.0,C,6.26,C,11.7,C,0,0,0.0
2023-01-16,11.3,C,12.1,C,9.8,C,68.0,C,0.0,C,4.35,C,17.7,C,0,0,0.0
2023-01-17,12.1,C,14.0,C,9.8,C,72.0,C,0.0,C,11.34,C,12.7,C,0,0,0.0
2023-01-18,13.4,C,17.0,C,10.3,C,59.0,C,0.0,C,17.64,C,11.6,C,0,0,0.0
2023-01-19,14.8,C,18.3,C,10.8,C,70.0,C,0.0,C,17.79,C,5.7,C,0,0,0.0
2023-01-20,16.8,C,19.8,C,14.6,C,63.0,C,0.0,C,11.19,C,10.6,C,0,0,0.0
2023-01-21,16.3,C,17.8,C,15.5,C,81.0,C,0.0,C,8.36,C,8.3,C,0,0,0.0
2023-01-22,17.7,C,21.4,C,15.9,C,87.0,C,0.5,C,14.65,C,5.3,C,1,0,0.0
2023-01-23,17.8,C,20.4,#,15.0,#,90.0,C,0.5,C,12.28,C,4.0,C,1,0,0.0
2023-01-24,14.0,C,18.6,C,11.5,C,52.0,C,0.0,C,17.06,C,32.5,C,0,0,0.0
2023-01-25,11.6,C,14.0,C,9.2,C,54.0,C,0.0,C,10.55,C,11.0,C,0,0,0.0
2023-01-26,14.9,C,17.7,C,12.0,C,70.0,C,0.0,C,10.87,C,5.7,C,0,0,0.0
2023-01-27,14.5,C,17.3,C,11.8,C,45.0,C,0.0,C,11.38,C,25.7,C,0,0,0.0
2023-01-28,12.0,C,14.5,C,10.1,C,29.0,C,0.0,C,19.23,C,22.9,C,0,0,0.0
2023-01-29,11.7,C,14.8,C,8.6,C,36.0,C,0.0,C,19.63,C,13.6,C,0,0,0.0
2023-01-30,13.8,C,17.7,C,9.6,C,48.0,C,0.0,C,20.21,C,6.8,C,0,0,0.0
2023-01-31,16.0,C,18.7,C,11.9,C,63.0,C,0.0,C,12.98,C,5.1,C,0,0,0.0
2023-02-01,18.9,C,23.3,C,16.8,C,80.0,C,0.0,C,14.06,C,3.5,C,0,0,0.0
2023-02-02,18.0,C,20.2,C,16.0,C,83.0,C,0.0,C,8.86,C,6.1,C,0,0,0.0
2023-02-03,17.5,C,19.9,C,16.3,C,78.0,C,0.0,C,10.18,C,7.7,C,0,0,0.0
2023-02-04,17.0,C,18.3,C,16.4,C,84.0,C,1.0,C,5.61,C,8.4,C,1,0,0.0
2023-02-05,17.4,C,18.8,C,16.5,C,87.0,C,0.0,C,4.25,C,4.1,C,0,0,0.0
2023-02-06,18.4,C,20.5,#,17.3,#,89.0,C,0.0,C,5.08,C,1.9,C,0,0,0.0
2023-02-07,19.5,C,22.1,C,17.9,C,90.0,C,0.5,C,12.33,C,4.0,C,1,0,0.0
2023-02-08,17.9,C,19.0,C,16.8,C,86.0,C,0.0,C,5.11,C,12.4,C,0,0,0.0
2023-02-09,18.5,C,21.4,C,16.6,C,87.0,C,0.0,C,9.93,C,5.3,C,0,0,0.0
2023-02-10,20.1,C,23.0,C,18.7,C,91.0,C,0.0,C,8.36,C,2.7,C,0,0,0.0
2023-02-11,18.1,C,19.0,C,17.2,C,95.0,C,1.0,C,3.67,C,5.5,C,1,0,0.0
2023-02-12,19.2,C,20.4,C,18.4,C,97.0,C,0.5,C,2.24,C,4.5,C,1,0,0.0
2023-02-13,20.9,C,23.7,C,19.2,C,95.0,C,0.0,C,13.23,C,3.3,C,0,0,0.0
2023-02-14,17.0,C,21.5,C,15.1,C,64.0,C,0.0,C,9.18,C,17.8,C,0,0,0.0
2023-02-15,14.8,C,18.0,C,11.7,C,63.0,C,0.0,C,20.0,C,15.7,C,0,0,0.0
2023-02-16,15.8,C,18.3,C,13.1,C,64.0,C,0.0,C,16.14,C,12.9,C,0,0,0.0
2023-02-17,17.2,C,20.2,C,14.0,C,76.0,C,0.0,C,21.16,C,8.8,C,0,0,0.0
2023-02-18,19.5,C,23.7,C,15.6,C,76.0,C,0.0,C,10.4,C,3.4,C,0,0,0.0
2023-02-19,21.6,C,27.1,C,18.9,C,73.0,C,0.0,C,15.81,C,7.7,C,0,0,0.0
2023-02-20,18.7,C,20.8,C,17.5,C,69.0,C,0.0,C,17.27,C,12.8,C,0,0,0.0
2023-02-21,17.0,C,18.3,C,16.0,C,67.0,C,0.0,C,19.46,C,18.5,C,0,0,0.0
2023-02-22,15.9,C,18.4,C,14.1,C,65.0,C,0.0,C,21.85,C,14.4,C,0,0,0.0
2023-02-23,17.1,C,21.3,C,14.4,C,74.0,C,0.0,C,21.41,C,7.3,C,0,0,0.0
2023-02-24,19.1,C,22.5,C,14.7,C,69.0,C,0.0,C,19.8,C,8.8,C,0,0,0.0
2023-02-25,15.5,C,18.0,C,13.6,C,57.0,C,0.0,#,20.74,C,25.5,C,0,0,0.0
2023-02-26,15.6,C,18.7,C,13.7,C,62.0,C,0.0,C,21.41,C,15.2,C,0,0,0.0
2023-02-27,15.5,C,16.9,C,12.6,C,62.0,C,0.0,C,22.22,C,15.0,C,0,0,0.0
2023-02-28,16.6,C,19.3,C,13.7,C,74.0,C,0.0,C,21.94,C,8.7,C,0,0,0.0
2023-03-01,17.8,C,22.0,C,13.6,C,80.0,C,0.0,C,22.0,C,4.1,C,0,0,0.0
2023-03-02,18.7,C,21.0,C,16.3,C,72.0,C,0.0,C,20.13,C,11.3,C,0,0,0.0
2023-03-03,17.3,C,20.1,C,14.2,C,61.0,C,0.0,C,20.54,C,9.3,C,0,0,0.0
2023-03-04,18.0,C,21.5,C,16.0,C,70.0,C,0.0,C,17.49,C,4.8,C,0,0,0.0
2023-03-05,18.1,C,21.9,C,14.1,C,63.0,C,0.0,C,23.12,C,5.5,C,0,0,0.0
2023-03-06,18.4,C,21.4,C,14.7,C,50.0,C,0.0,C,23.41,C,7.8,C,0,0,0.0
2023-03-07,18.2,C,21.4,C,14.5,C,60.0,C,0.0,C,21.77,C,6.3,C,0,0,0.0
2023-03-08,19.6,C,23.6,C,16.8,C,85.0,C,0.0,C,16.32,C,3.9,C,0,0,0.0
2023-03-09,20.6,C,25.2,C,17.0,C,81.0,C,0.0,C,20.65,C,4.4,C,0,0,0.0
2023-03-10,20.8,C,24.5,C,18.4,C,71.0,C,0.0,C,22.73,C,6.6,C,0,0,0.0
2023-03-11,20.3,C,23.5,C,17.4,C,72.0,C,0.0,C,18.3,C,5.6,C,0,0,0.0
2023-03-12,21.8,C,25.7,C,18.0,C,73.0,C,0.0,C,15.41,C,11.4,C,0,0,0.0
2023-03-13,19.4,C,20.8,C,17.2,C,67.0,C,0.0,C,5.74,C,11.9,C,0,0,0.0
2023-03-14,18.5,C,21.3,C,16.8,C,77.0,C,0.0,C,9.92,C,7.5,C,0,0,0.0
2023-03-15,19.3,C,22.9,#,16.4,#,84.0,C,0.0,C,14.99,C,4.3,C,0,0,0.0
2023-03-16,20.4,C,24.1,C,17.1,C,75.0,C,0.5,C,20.59,C,5.3,C,1,0,0.0
2023-03-17,20.7,C,22.7,#,19.6,#,86.0,C,0.0,C,12.94,C,9.8,C,0,0,0.0
2023-03-18,21.8,C,25.4,C,18.9,C,83.0,C,0.0,C,19.56,C,9.0,C,0,0,0.0
2023-03-19,20.0,C,21.2,C,19.5,C,89.0,C,0.5,C,3.77,C,14.8,C,1,0,0.0
2023-03-20,20.9,C,22.6,C,19.8,C,90.0,C,0.0,C,5.86,C,4.8,C,0,0,0.0
2023-03-21,22.4,C,23.5,C,20.9,C,92.0,C,0.0,C,6.3,C,9.8,C,0,0,0.0
2023-03-22,23.7,C,26.0,C,22.5,C,88.0,C,0.0,C,6.16,C,11.5,C,0,0,0.0
2023-03-23,24.2,C,26.7,C,22.7,C,86.0,C,0.0,C,10.25,C,13.5,C,0,0,0.1999999999999993
2023-03-24,24.3,C,26.7,C,22.4,C,89.0,C,0.0,C,15.47,C,14.9,C,0,0,0.3000000000000007
2023-03-25,22.4,C,24.2,C,20.6,C,92.0,C,30.0,C,3.35,C,13.8,C,1,0,0.0
2023-03-26,20.2,C,21.8,C,18.7,C,91.0,C,5.0,#,3.28,C,7.7,C,1,0,0.0
2023-03-27,18.2,C,19.5,C,16.6,C,86.0,C,3.0,C,2.14,C,18.3,C,1,0,0.0
2023-03-28,18.4,C,20.1,C,16.2,C,85.0,C,0.5,C,2.87,C,7.6,C,1,0,0.0
2023-03-29,19.5,C,21.1,C,18.1,C,87.0,C,0.5,#,6.05,C,8.0,C,1,0,0.0
2023-03-30,20.3,C,21.0,C,19.3,C,91.0,C,0.0,#,3.21,C,3.8,C,0,0,0.0
2023-03-31,19.9,C,20.8,C,19.4,C,94.0,C,3.5,C,2.24,C,7.1,C,1,0,0.0
2023-04-01,19.9,C,21.7,C,18.8,C,91.0,C,0.5,C,4.87,C,3.8,C,1,0,0.0
2023-04-02,20.9,C,21.4,C,20.4,C,91.0,C,6.5,C,2.87,C,9.5,C,1,0,0.0
2023-04-03,20.7,C,21.5,C,20.0,C,90.0,C,2.0,C,1.66,C,7.6,C,1,0,0.0
2023-04-04,22.6,C,24.0,C,20.2,C,95.0,C,2.5,C,4.43,C,12.5,C,1,0,0.0
2023-04-05,23.6,C,25.2,C,22.7,C,95.0,C,11.5,C,3.2,C,9.5,C,1,0,0.0
2023-04-06,25.1,C,27.6,C,21.3,C,89.0,C,7.5,C,12.75,C,8.4,C,1,0,1.1000000000000014
2023-04-07,21.1,C,23.8,C,18.9,C,71.0,C,4.5,C,15.47,C,12.4,C,1,0,0.0
2023-04-08,20.3,C,21.2,C,19.7,C,73.0,C,0.0,C,6.21,C,12.0,C,0,0,0.0
2023-04-09,19.5,C,21.8,C,17.9,C,71.0,C,0.5,C,9.19,C,8.1,C,1,0,0.0
2023-04-10,21.2,C,23.7,C,19.6,C,79.0,C,0.0,C,10.78,C,6.0,C,0,0,0.0
2023-04-11,23.2,C,27.1,C,21.4,C,87.0,C,0.0,C,16.9,C,4.5,C,0,0,0.0
2023-04-12,23.8,C,27.1,C,20.6,C,85.0,C,0.0,C,21.09,C,5.5,C,0,0,0.0
2023-04-13,22.8,C,24.3,C,21.5,C,81.0,C,0.0,C,19.0,C,12.8,C,0,0,0.0
2023-04-14,23.9,C,26.3,C,22.2,C,86.0,C,0.0,C,16.0,C,4.5,C,0,0,0.0
2023-04-15,26.6,C,30.4,C,23.0,C,71.0,C,0.0,#,18.83,C,7.3,C,0,0,2.6000000000000014
2023-04-16,25.4,C,29.2,C,22.3,C,76.0,C,,,26.16,C,7.1,C,0,0,1.3999999999999986
2023-04-17,25.2,C,27.8,C,23.1,C,86.0,C,,,13.02,C,7.7,C,0,0,1.1999999999999993
2023-04-18,25.5,C,26.9,C,24.1,C,91.0,C,2.0,#,13.89,C,12.2,C,1,0,1.5
2023-04-19,25.6,C,28.4,C,23.4,C,85.0,C,14.0,C,8.25,C,11.1,C,1,0,1.6000000000000014
2023-04-20,23.9,C,24.9,C,23.3,C,94.0,C,18.5,C,4.03,C,5.0,C,1,0,0.0
2023-04-21,24.0,C,25.3,C,23.2,C,90.0,C,3.0,C,4.89,C,11.8,C,1,0,0.0
2023-04-22,23.0,C,23.7,C,22.4,C,89.0,C,0.5,C,5.29,C,18.1,C,1,0,0.0
2023-04-23,22.5,C,23.0,C,22.0,C,91.0,C,0.0,C,3.1,C,6.1,C,0,0,0.0
2023-04-24,23.1,C,24.0,C,22.7,C,89.0,C,0.5,C,4.76,C,6.0,C,1,0,0.0
2023-04-25,22.0,C,23.0,C,19.8,C,92.0,C,2.0,C,3.16,C,5.5,C,1,0,0.0
2023-04-26,21.3,C,24.2,C,19.0,C,70.0,C,0.0,C,16.82,C,12.7,C,0,0,0.0
2023-04-27,22.2,C,22.8,C,21.6,C,81.0,C,0.0,C,7.96,C,12.3,C,0,0,0.0
2023-04-28,23.7,C,27.0,C,21.7,C,84.0,C,0.0,C,19.9,C,7.4,C,0,0,0.0
2023-04-29,24.6,C,27.4,C,23.1,C,87.0,C,1.5,C,11.32,C,3.8,C,1,0,0.6000000000000014
2023-04-30,24.0,C,26.4,C,22.0,C,72.0,C,0.0,C,16.18,C,9.7,C,0,0,0.0
2023-05-01,23.6,C,24.9,#,22.7,#,78.0,C,0.0,C,14.81,C,13.0,C,0,0,0.0
2023-05-02,23.7,C,25.9,C,22.0,C,72.0,C,0.0,C,10.12,C,7.6,C,0,0,0.0
2023-05-03,24.9,C,27.9,C,23.2,C,85.0,C,0.0,C,14.41,C,5.4,C,0,0,0.8999999999999986
2023-05-04,26.4,C,30.9,C,25.0,C,88.0,C,0.0,C,20.35,C,10.9,C,0,0,2.3999999999999986
2023-05-05,26.2,C,27.8,C,24.5,C,89.0,C,0.0,C,24.59,C,14.5,C,0,0,2.1999999999999993
2023-05-06,27.3,C,29.5,C,25.9,C,88.0,C,0.0,C,13.84,C,15.5,C,0,0,3.3000000000000007
2023-05-07,25.6,C,28.5,C,23.0,C,91.0,C,22.5,C,5.77,C,7.3,C,1,0,1.6000000000000014
2023-05-08,22.7,C,24.4,C,21.5,C,85.0,C,11.5,C,4.39,C,10.8,C,1,0,0.0
2023-05-09,23.3,C,24.1,C,22.3,C,79.0,C,0.5,C,14.53,C,17.5,C,1,0,0.0
2023-05-10,23.6,C,24.5,C,23.0,C,70.0,C,0.0,C,11.05,C,14.7,C,0,0,0.0
2023-05-11,23.5,C,25.1,C,21.7,C,75.0,C,0.0,C,7.93,C,6.1,C,0,0,0.0
2023-05-12,23.8,C,25.4,#,23.2,#,79.0,C,0.0,C,8.01,C,7.1,C,0,0,0.0
2023-05-13,23.0,C,24.7,C,21.9,C,85.0,C,6.5,C,7.28,C,5.8,C,1,0,0.0
2023-05-14,21.4,C,22.7,C,20.2,C,92.0,C,28.5,C,4.79,C,5.3,C,1,0,0.0
2023-05-15,24.1,C,27.5,#,21.5,#,85.0,C,0.0,C,17.26,C,6.0,C,0,0,0.10000000000000142
2023-05-16,24.7,C,27.9,C,21.6,C,90.0,C,1.5,C,12.57,C,5.6,C,1,0,0.6999999999999993
2023-05-17,26.5,C,28.4,C,25.1,C,91.0,C,15.0,C,7.93,C,5.6,C,1,0,2.5
2023-05-18,29.1,C,32.7,C,25.8,C,82.0,C,0.0,C,25.03,C,6.1,C,0,1,5.100000000000001
2023-05-19,28.1,C,31.1,C,26.3,C,89.0,C,0.0,C,22.18,C,8.0,C,0,1,4.100000000000001
2023-05-20,28.8,C,30.5,C,27.2,C,88.0,C,0.0,C,21.81,C,13.8,C,0,1,4.800000000000001
2023-05-21,30.1,C,33.0,C,28.1,C,78.0,C,0.0,C,22.75,C,12.8,C,0,1,6.100000000000001
2023-05-22,30.9,C,34.7,C,28.2,C,72.0,C,0.0,C,24.88,C,8.3,C,0,1,6.899999999999999
2023-05-23,26.6,C,29.3,C,24.4,C,87.0,C,2.5,C,5.21,C,12.5,C,1,0,2.6000000000000014
2023-05-24,24.8,C,26.7,C,23.7,C,86.0,C,1.5,C,7.69,C,10.1,C,1,0,0.8000000000000007
2023-05-25,25.7,C,26.4,C,24.7,C,90.0,C,0.0,C,5.13,C,7.9,C,0,0,1.6999999999999993
2023-05-26,27.0,C,28.2,C,25.9,C,89.0,C,0.0,C,12.08,C,10.0,C,0,0,3.0
2023-05-27,27.8,C,30.5,C,26.3,C,85.0,C,0.0,C,19.39,C,7.3,C,0,0,3.8000000000000007
2023-05-28,27.8,C,31.1,C,25.3,C,80.0,C,0.0,C,23.99,C,8.0,C,0,0,3.8000000000000007
2023-05-29,28.6,C,33.4,C,24.3,C,77.0,C,0.0,C,26.06,C,5.3,C,0,1,4.600000000000001
2023-05-30,30.3,C,33.2,C,26.8,C,80.0,C,0.0,C,25.4,C,4.7,C,0,1,6.300000000000001
2023-05-31,30.1,C,33.8,C,28.3,C,79.0,C,0.0,C,19.48,C,5.1,C,0,1,6.100000000000001
2023-06-01,29.0,C,33.0,C,23.9,C,79.0,C,14.5,C,19.18,C,5.6,C,1,1,5.0
2023-06-02,30.6,C,33.5,C,27.8,C,78.0,C,0.0,C,24.53,C,7.4,C,0,1,6.600000000000001
2023-06-03,30.2,C,33.4,C,27.6,C,81.0,C,0.0,C,25.08,C,9.8,C,0,1,6.199999999999999
2023-06-04,29.7,C,31.6,C,28.3,C,81.0,C,0.0,C,23.87,C,12.0,C,0,1,5.699999999999999
2023-06-05,29.3,C,30.5,C,28.3,C,81.0,C,0.0,C,21.78,C,16.8,C,0,1,5.300000000000001
2023-06-06,28.0,C,30.6,#,25.7,#,88.0,C,18.0,C,8.69,C,9.6,C,1,0,4.0
2023-06-07,28.3,C,32.0,C,27.1,C,89.0,C,6.5,C,13.69,C,10.1,C,1,1,4.300000000000001
2023-06-08,29.2,C,31.3,C,27.1,C,85.0,C,2.5,C,20.2,C,14.0,C,1,1,5.199999999999999
2023-06-09,28.9,C,32.5,C,26.4,C,83.0,C,2.5,C,17.04,C,6.3,C,1,1,4.899999999999999
2023-06-10,28.4,C,31.6,#,25.5,#,86.0,C,17.0,C,17.07,C,5.5,C,1,1,4.399999999999999
2023-06-11,28.1,C,30.8,C,26.4,C,88.0,C,4.5,C,15.76,C,4.9,C,1,1,4.100000000000001
2023-06-12,29.9,C,32.4,C,27.9,C,79.0,C,0.0,C,24.72,C,7.0,C,0,1,5.899999999999999
2023-06-13,29.2,C,32.2,C,26.3,C,83.0,C,15.5,C,15.88,C,6.6,C,1,1,5.199999999999999
2023-06-14,27.6,C,30.2,C,25.5,C,88.0,C,13.0,#,10.78,C,4.2,C,1,0,3.6000000000000014
2023-06-15,27.0,C,28.6,#,25.6,#,92.0,C,0.5,#,6.03,C,4.0,C,1,0,3.0
2023-06-16,26.4,C,29.0,#,25.2,#,93.0,C,21.0,C,4.37,C,3.6,C,1,0,2.3999999999999986
2023-06-17,25.6,C,28.2,C,24.0,C,95.0,C,83.0,C,1.92,C,2.6,C,1,0,1.6000000000000014
2023-06-18,27.2,C,30.2,#,25.2,#,92.0,C,10.5,C,9.03,C,4.0,C,1,0,3.1999999999999993
2023-06-19,29.2,C,32.9,C,26.3,C,83.0,C,2.0,C,20.26,C,7.4,C,1,1,5.199999999999999
2023-06-20,30.2,C,34.5,C,26.9,C,79.0,C,0.0,C,23.44,C,7.6,C,0,1,6.199999999999999
2023-06-21,30.8,C,34.5,C,27.2,C,76.0,C,0.0,C,24.82,C,7.6,C,0,1,6.800000000000001
2023-06-22,31.0,C,34.6,C,28.6,C,73.0,C,0.0,C,24.45,C,9.3,C,0,1,7.0
2023-06-23,29.8,C,32.0,C,28.3,C,82.0,C,0.0,C,10.87,C,9.5,C,0,1,5.800000000000001
2023-06-24,28.7,C,31.4,C,26.3,C,87.0,C,0.0,C,11.02,C,7.5,C,0,1,4.699999999999999
2023-06-25,28.7,C,31.7,C,26.1,C,85.0,C,0.0,C,21.81,C,7.5,C,0,1,4.699999999999999
2023-06-26,29.5,C,33.4,C,27.2,C,83.0,C,0.0,C,20.87,C,7.5,C,0,1,5.5
2023-06-27,29.5,C,33.3,C,26.5,C,82.0,C,0.0,C,25.74,C,9.3,C,0,1,5.5
2023-06-28,28.2,C,31.5,C,26.4,C,87.0,C,0.0,C,13.48,C,6.2,C,0,1,4.199999999999999
2023-06-29,29.3,C,32.9,C,26.6,C,84.0,C,0.0,C,22.55,C,8.1,C,0,1,5.300000000000001
2023-06-30,29.9,C,32.5,C,27.7,C,82.0,C,0.0,C,17.96,C,6.8,C,0,1,5.899999999999999
2023-07-01,28.7,C,30.3,C,27.2,C,84.0,C,0.0,C,10.4,C,4.1,C,0,1,4.699999999999999
2023-07-02,27.5,C,31.6,C,26.6,C,90.0,C,0.0,C,8.98,C,4.7,C,0,0,3.5
2023-07-03,28.4,C,32.2,C,26.0,C,86.0,C,0.0,C,20.07,C,7.9,C,0,1,4.399999999999999
2023-07-04,28.8,C,33.5,C,26.5,C,85.0,C,0.0,C,18.33,C,5.6,C,0,1,4.800000000000001
2023-07-05,30.6,C,34.3,C,27.6,C,75.0,C,0.0,C,23.91,C,7.2,C,0,1,6.600000000000001
2023-07-06,30.9,C,34.0,C,28.6,C,72.0,C,0.0,C,24.75,C,8.9,C,0,1,6.899999999999999
2023-07-07,31.0,C,34.4,C,28.5,C,73.0,C,0.0,C,22.36,C,9.0,C,0,1,7.0
2023-07-08,31.1,C,34.6,C,27.8,C,72.0,C,0.0,C,27.39,C,5.7,C,0,1,7.100000000000001
2023-07-09,31.2,C,35.2,C,27.9,C,72.0,C,0.0,C,26.76,C,6.0,C,0,1,7.199999999999999
2023-07-10,31.5,C,35.7,C,28.1,C,70.0,C,0.0,C,27.78,C,6.4,C,0,1,7.5
2023-07-11,31.0,C,34.8,C,28.1,C,75.0,C,0.0,#,26.12,C,7.0,C,0,1,7.0
2023-07-12,29.9,C,32.3,C,28.0,C,78.0,C,0.0,C,25.05,C,10.5,C,0,1,5.899999999999999
2023-07-13,30.1,C,33.8,C,26.9,C,77.0,C,0.0,C,27.91,C,6.5,C,0,1,6.100000000000001
2023-07-14,30.8,C,33.7,C,27.4,C,76.0,C,0.0,C,27.57,C,5.3,C,0,1,6.800000000000001
2023-07-15,30.4,C,35.0,#,26.5,#,78.0,C,6.0,C,23.78,C,7.2,C,1,1,6.399999999999999
2023-07-16,29.2,C,32.0,C,26.6,C,78.0,C,3.0,C,19.86,C,21.3,C,1,1,5.199999999999999
2023-07-17,29.0,C,29.8,C,27.1,C,83.0,C,15.0,C,7.53,C,34.8,C,1,1,5.0
2023-07-18,29.0,C,30.1,C,27.1,C,87.0,C,15.0,C,8.8,C,26.0,C,1,1,5.0
2023-07-19,28.9,C,30.1,C,27.9,C,87.0,C,1.0,C,10.85,C,12.0,C,1,1,4.899999999999999
2023-07-20,29.2,C,32.2,C,26.8,C,83.0,C,7.5,C,26.35,C,8.7,C,1,1,5.199999999999999
2023-07-21,29.5,C,33.2,#,27.1,#,83.0,C,0.0,C,23.81,C,6.4,C,0,1,5.5
2023-07-22,29.8,C,32.7,C,27.4,C,80.0,C,0.0,C,26.45,C,7.5,C,0,1,5.800000000000001
2023-07-23,30.3,C,33.2,C,27.8,C,80.0,C,0.0,C,26.54,C,8.0,C,0,1,6.300000000000001
2023-07-24,30.3,C,33.5,C,27.9,C,79.0,C,3.0,C,27.91,C,8.4,C,1,1,6.300000000000001
2023-07-25,31.1,C,34.9,C,27.1,C,71.0,C,0.0,C,27.67,C,4.9,C,0,1,7.100000000000001
2023-07-26,31.3,C,34.9,C,28.3,C,78.0,C,0.0,C,24.54,C,6.0,C,0,1,7.300000000000001
2023-07-27,32.2,C,35.8,C,28.1,C,66.0,C,5.5,C,22.72,C,10.7,C,1,1,8.200000000000003
2023-07-28,31.9,C,35.5,C,28.3,C,70.0,C,0.0,C,16.8,C,5.8,C,0,1,7.899999999999999
2023-07-29,29.1,C,31.1,#,25.9,#,86.0,C,25.0,C,8.85,C,8.0,C,1,1,5.100000000000001
2023-07-30,28.9,C,32.5,C,27.5,C,86.0,C,0.0,C,13.31,C,5.5,C,0,1,4.899999999999999
2023-07-31,28.8,C,31.1,C,26.9,C,84.0,C,8.5,C,24.06,C,9.8,C,1,1,4.800000000000001
2023-08-01,29.1,C,32.3,C,26.9,C,80.0,C,0.0,C,19.04,C,4.6,C,0,1,5.100000000000001
2023-08-02,29.8,C,33.9,C,26.7,C,73.0,C,0.0,C,27.18,C,5.7,C,0,1,5.800000000000001
2023-08-03,30.0,C,33.4,C,26.4,C,76.0,C,0.0,C,27.62,C,8.6,C,0,1,6.0
2023-08-04,31.3,C,35.1,#,28.2,#,73.0,C,1.5,C,21.75,C,8.9,C,1,1,7.300000000000001
2023-08-05,31.1,C,34.2,C,28.4,C,73.0,C,5.0,C,17.86,C,6.9,C,1,1,7.100000000000001
2023-08-06,31.0,C,34.2,C,29.1,C,73.0,C,0.5,C,21.79,C,7.5,C,1,1,7.0
2023-08-07,29.7,C,31.7,C,28.4,C,79.0,C,14.0,C,15.88,C,4.6,C,1,1,5.699999999999999
2023-08-08,30.0,C,33.6,C,27.7,C,77.0,C,0.0,C,17.17,C,4.8,C,0,1,6.0
2023-08-09,30.8,C,34.3,C,27.3,C,73.0,C,0.0,C,18.59,C,4.8,C,0,1,6.800000000000001
2023-08-10,28.9,C,31.8,#,26.9,#,85.0,C,10.5,C,9.89,C,3.8,C,1,1,4.899999999999999
2023-08-11,28.5,C,31.8,C,26.2,C,82.0,C,16.0,C,14.21,C,5.9,C,1,1,4.5
2023-08-12,29.2,C,33.4,C,26.3,C,80.0,C,2.5,C,20.61,C,6.3,C,1,1,5.199999999999999
2023-08-13,28.2,C,30.3,C,26.5,C,88.0,C,16.5,C,10.88,C,5.0,C,1,1,4.199999999999999
2023-08-14,29.1,C,32.3,C,26.5,C,84.0,C,15.5,C,15.15,C,5.9,C,1,1,5.100000000000001
2023-08-15,29.8,C,33.7,C,27.3,C,82.0,C,0.5,C,23.37,C,5.0,C,1,1,5.800000000000001
2023-08-16,31.4,C,35.1,C,28.0,C,73.0,C,0.0,C,25.28,C,5.4,C,0,1,7.399999999999999
2023-08-17,30.2,C,35.3,C,28.3,C,80.0,C,0.0,C,13.03,C,4.5,C,0,1,6.199999999999999
2023-08-18,28.7,C,32.1,C,26.5,C,87.0,C,39.5,C,9.14,C,4.8,C,1,1,4.699999999999999
2023-08-19,28.2,C,30.6,C,27.0,C,87.0,C,0.0,C,10.48,C,3.3,C,0,1,4.199999999999999
2023-08-20,28.6,C,31.3,C,26.1,C,88.0,C,16.0,C,15.55,C,6.6,C,1,1,4.600000000000001
2023-08-21,28.7,C,32.8,C,26.3,C,88.0,C,0.5,C,19.97,C,3.5,C,1,1,4.699999999999999
2023-08-22,29.1,C,31.5,C,26.9,C,86.0,C,0.5,C,19.29,C,6.4,C,1,1,5.100000000000001
2023-08-23,29.4,C,31.9,C,27.4,C,85.0,C,0.0,C,22.11,C,9.2,C,0,1,5.399999999999999
2023-08-24,28.7,C,31.9,#,27.1,#,86.0,C,25.0,C,12.73,C,4.6,C,1,1,4.699999999999999
2023-08-25,28.9,C,33.2,#,26.4,#,87.0,C,2.0,C,18.26,C,3.9,C,1,1,4.899999999999999
2023-08-26,29.2,C,33.0,#,26.9,#,85.0,C,0.0,C,18.42,C,5.4,C,0,1,5.199999999999999
2023-08-27,29.1,C,31.0,C,27.2,C,87.0,C,3.5,C,12.69,C,5.9,C,1,1,5.100000000000001
2023-08-28,29.2,C,31.6,#,26.7,#,87.0,C,3.0,C,14.97,C,5.3,C,1,1,5.199999999999999
2023-08-29,29.1,C,33.5,C,26.9,C,82.0,C,2.0,C,19.58,C,7.4,C,1,1,5.100000000000001
2023-08-30,29.0,C,31.5,C,26.9,C,70.0,C,0.0,C,23.3,C,12.8,C,0,1,5.0
2023-08-31,29.1,C,31.4,C,27.6,C,70.0,C,0.0,C,12.08,C,17.3,C,0,1,5.100000000000001
2023-09-01,27.2,C,29.0,#,25.1,#,79.0,C,82.0,C,2.91,C,37.3,C,1,0,3.1999999999999993
2023-09-02,26.4,C,27.2,C,25.5,C,91.0,C,17.0,C,3.0,C,35.1,C,1,0,2.3999999999999986
2023-09-03,28.8,C,32.2,C,26.6,C,80.0,C,0.0,C,22.28,C,7.3,C,0,1,4.800000000000001
2023-09-04,30.5,C,33.8,C,27.3,C,72.0,C,0.5,C,18.41,C,6.4,C,1,1,6.5
2023-09-05,29.1,C,31.5,C,27.1,C,73.0,C,0.5,C,7.68,C,5.5,C,1,1,5.100000000000001
2023-09-06,28.4,C,31.5,#,26.7,#,82.0,C,1.0,C,12.23,C,4.0,C,1,1,4.399999999999999
2023-09-07,27.1,C,28.6,#,26.2,#,92.0,C,41.0,C,7.48,C,9.6,C,1,0,3.1000000000000014
2023-09-08,25.9,C,26.6,#,24.5,#,93.0,C,101.0,C,2.17,C,14.1,C,1,0,1.8999999999999986
2023-09-09,26.1,C,26.7,C,25.2,C,91.0,C,6.0,C,5.19,C,7.7,C,1,0,2.1000000000000014
2023-09-10,25.7,C,26.5,#,24.5,#,92.0,C,39.0,C,5.32,C,10.6,C,1,0,1.6999999999999993
2023-09-11,26.3,C,27.4,#,25.6,#,93.0,C,42.0,C,8.82,C,8.5,C,1,0,2.3000000000000007
2023-09-12,26.8,C,30.7,C,25.2,C,90.0,C,20.5,C,12.59,C,4.8,C,1,0,2.8000000000000007
2023-09-13,27.8,C,29.4,C,26.4,C,89.0,C,0.0,C,17.3,C,9.4,C,0,0,3.8000000000000007
2023-09-14,27.0,C,28.6,C,25.9,C,91.0,C,19.5,C,6.27,C,8.0,C,1,0,3.0
2023-09-15,26.8,C,30.7,#,24.0,#,91.0,C,35.5,C,16.38,C,5.5,C,1,0,2.8000000000000007
2023-09-16,27.0,C,29.8,C,24.9,C,89.0,C,4.0,C,9.24,C,6.2,C,1,0,3.0
2023-09-17,28.0,C,30.4,C,26.4,C,86.0,C,0.0,C,14.18,C,4.3,C,0,0,4.0
2023-09-18,28.5,C,32.1,C,25.9,C,86.0,C,0.5,C,23.98,C,5.1,C,1,1,4.5
2023-09-19,28.8,C,32.7,C,26.6,C,84.0,C,0.0,C,23.8,C,6.2,C,0,1,4.800000000000001
2023-09-20,29.2,C,32.6,C,26.6,C,81.0,C,0.0,C,23.96,C,6.1,C,0,1,5.199999999999999
2023-09-21,29.6,C,32.7,C,26.5,C,81.0,C,0.0,C,23.49,C,6.0,C,0,1,5.600000000000001
2023-09-22,29.7,C,33.2,C,27.6,C,80.0,C,0.0,C,21.13,C,6.2,C,0,1,5.699999999999999
2023-09-23,29.3,C,31.6,C,27.2,C,76.0,C,0.0,C,22.68,C,9.5,C,0,1,5.300000000000001
2023-09-24,29.3,C,30.3,C,28.4,C,78.0,C,0.0,C,15.63,C,14.5,C,0,1,5.300000000000001
2023-09-25,29.3,C,30.8,C,28.3,C,79.0,C,0.0,C,23.5,C,15.4,C,0,1,5.300000000000001
2023-09-26,29.2,C,30.7,C,28.3,C,79.0,C,0.0,C,19.9,C,14.7,C,0,1,5.199999999999999
2023-09-27,29.6,C,31.5,C,28.4,C,76.0,C,0.0,C,22.12,C,11.9,C,0,1,5.600000000000001
2023-09-28,29.7,C,31.2,C,28.6,C,74.0,C,0.0,C,20.93,C,13.1,C,0,1,5.699999999999999
2023-09-29,29.5,C,31.6,C,27.8,C,78.0,C,0.5,C,21.39,C,11.4,C,1,1,5.5
2023-09-30,29.4,C,32.9,C,27.5,C,79.0,C,0.0,C,21.48,C,6.8,C,0,1,5.399999999999999
2023-10-01,29.1,C,32.8,C,27.2,C,80.0,C,0.0,C,18.47,C,8.1,C,0,1,5.100000000000001
2023-10-02,28.9,C,30.0,C,27.4,C,78.0,C,1.5,C,17.39,C,13.3,C,1,1,4.899999999999999
2023-10-03,29.2,C,32.2,#,27.2,#,80.0,C,0.0,C,19.84,C,6.5,C,0,1,5.199999999999999
2023-10-04,30.9,C,33.6,C,27.7,C,69.0,C,0.0,C,19.37,C,7.2,C,0,1,6.899999999999999
2023-10-05,29.8,C,32.3,C,28.0,C,60.0,C,0.0,C,19.82,C,19.5,C,0,1,5.800000000000001
2023-10-06,27.4,C,29.5,C,25.6,C,64.0,C,0.0,C,11.07,C,17.8,C,0,0,3.3999999999999986
2023-10-07,24.6,C,26.7,C,23.1,C,75.0,C,0.0,#,6.05,C,25.3,C,0,0,0.6000000000000014
2023-10-08,23.6,C,26.1,C,21.7,C,88.0,C,65.5,C,3.94,C,34.9,C,1,0,0.0
2023-10-09,24.4,C,25.9,#,22.9,#,91.0,C,201.0,C,0.99,C,16.3,C,1,0,0.3999999999999986
2023-10-10,24.9,C,26.8,C,23.1,C,82.0,C,0.5,C,7.16,C,9.8,C,1,0,0.8999999999999986
2023-10-11,24.9,C,27.2,C,22.9,C,75.0,C,0.0,C,17.32,C,13.8,C,0,0,0.8999999999999986
2023-10-12,25.2,C,27.5,C,23.0,C,73.0,C,0.0,C,14.73,C,10.7,C,0,0,1.1999999999999993
2023-10-13,26.3,C,28.8,#,24.4,#,67.0,C,0.0,C,19.25,C,11.5,C,0,0,2.3000000000000007
2023-10-14,26.0,C,29.0,C,24.1,C,66.0,C,0.0,C,19.36,C,9.3,C,0,0,2.0
2023-10-15,26.2,C,28.1,C,24.4,C,73.0,C,0.0,C,17.34,C,10.0,C,0,0,2.1999999999999993
2023-10-16,26.2,C,27.6,C,24.8,C,71.0,C,0.0,C,15.27,C,15.0,C,0,0,2.1999999999999993
2023-10-17,25.7,C,26.7,C,23.5,C,62.0,C,0.0,C,10.95,C,20.3,C,0,0,1.6999999999999993
2023-10-18,24.8,C,25.6,C,22.8,C,83.0,C,18.0,C,3.6,C,19.1,C,1,0,0.8000000000000007
2023-10-19,25.6,C,26.4,C,24.6,C,88.0,C,12.5,C,3.58,C,15.3,C,1,0,1.6000000000000014
2023-10-20,25.6,C,28.0,C,23.6,C,81.0,C,0.0,C,6.36,C,10.0,C,0,0,1.6000000000000014
2023-10-21,21.8,C,23.6,C,20.7,C,77.0,C,0.0,C,6.25,C,17.0,C,0,0,0.0
2023-10-22,23.5,C,25.8,C,21.3,C,73.0,C,0.5,C,16.49,C,11.8,C,1,0,0.0
2023-10-23,25.3,C,28.3,C,23.3,C,78.0,C,0.0,C,16.64,C,8.4,C,0,0,1.3000000000000007
2023-10-24,25.8,C,29.5,C,24.0,C,81.0,C,0.0,C,17.66,C,7.5,C,0,0,1.8000000000000007
2023-10-25,25.6,C,27.6,C,24.0,C,84.0,C,0.0,C,13.03,C,6.2,C,0,0,1.6000000000000014
2023-10-26,25.0,C,27.1,C,23.3,C,83.0,C,0.0,C,14.81,C,4.7,C,0,0,1.0
2023-10-27,25.8,C,28.5,C,23.5,C,84.0,C,0.0,C,14.55,C,5.3,C,0,0,1.8000000000000007
2023-10-28,25.6,C,26.6,C,24.5,C,85.0,C,1.0,C,8.63,C,10.2,C,1,0,1.6000000000000014
2023-10-29,25.4,C,26.5,C,24.6,C,78.0,C,0.5,C,14.33,C,12.2,C,1,0,1.3999999999999986
2023-10-30,25.5,C,27.9,C,23.8,C,79.0,C,0.0,C,13.63,C,7.1,C,0,0,1.5
2023-10-31,25.2,C,27.3,C,22.8,C,72.0,C,0.0,C,19.69,C,8.5,C,0,0,1.1999999999999993
2023-11-01,25.2,C,27.7,C,22.4,C,71.0,C,0.0,C,20.1,C,8.8,C,0,0,1.1999999999999993
2023-11-02,24.9,C,27.0,C,23.1,C,77.0,C,0.0,C,16.74,C,6.1,C,0,0,0.8999999999999986
2023-11-03,24.8,C,27.3,#,22.4,#,81.0,C,0.0,C,16.11,C,4.9,C,0,0,0.8000000000000007
2023-11-04,25.2,C,28.4,C,23.7,C,81.0,C,0.0,C,18.26,C,5.1,C,0,0,1.1999999999999993
2023-11-05,25.4,C,27.9,C,23.4,C,80.0,C,0.0,C,16.51,C,3.7,C,0,0,1.3999999999999986
2023-11-06,27.0,C,29.8,C,23.3,C,65.0,C,0.0,C,17.96,C,9.5,#,0,0,3.0
2023-11-07,25.5,C,26.6,C,24.9,C,70.0,C,0.0,C,4.03,C,12.6,C,0,0,1.5
2023-11-08,24.9,C,25.4,C,24.2,C,78.0,C,0.0,C,5.19,C,13.5,C,0,0,0.8999999999999986
2023-11-09,25.2,C,26.0,C,24.6,C,83.0,C,0.0,C,7.69,C,12.5,C,0,0,1.1999999999999993
2023-11-10,26.3,C,27.7,C,24.9,C,84.0,C,0.0,C,11.2,C,4.2,C,0,0,2.3000000000000007
2023-11-11,25.3,C,26.1,C,24.8,C,85.0,C,0.0,C,3.75,C,18.8,C,0,0,1.3000000000000007
2023-11-12,23.1,C,24.9,C,20.7,C,78.0,C,1.0,C,10.85,C,14.5,C,1,0,0.0
2023-11-13,20.5,C,23.0,C,19.1,C,70.0,C,0.0,C,15.92,C,17.9,C,0,0,0.0
2023-11-14,19.8,C,22.6,C,17.5,C,71.0,C,0.0,C,9.78,C,10.8,C,0,0,0.0
2023-11-15,22.0,C,24.1,C,19.3,C,72.0,C,0.0,C,17.36,C,10.5,C,0,0,0.0
2023-11-16,20.8,C,23.6,C,17.2,C,65.0,C,0.0,C,12.48,C,13.3,C,0,0,0.0
2023-11-17,18.2,C,21.0,C,15.5,C,37.0,C,0.0,C,19.84,C,26.0,C,0,0,0.0
2023-11-18,18.2,C,21.6,C,16.0,C,44.0,C,0.0,C,19.35,C,11.9,C,0,0,0.0
2023-11-19,19.1,C,22.0,C,15.9,C,62.0,C,0.0,C,18.09,C,5.3,C,0,0,0.0
2023-11-20,19.8,C,23.5,C,16.4,C,69.0,C,0.0,C,18.37,C,5.0,C,0,0,0.0
2023-11-21,20.6,C,23.4,C,18.0,C,73.0,C,0.0,C,18.78,C,5.1,C,0,0,0.0
2023-11-22,21.1,C,24.9,C,18.1,C,78.0,C,0.0,C,18.43,C,3.6,C,0,0,0.0
2023-11-23,21.3,C,25.6,C,18.1,C,79.0,C,0.0,C,17.63,C,4.0,C,0,0,0.0
2023-11-24,22.1,C,23.8,C,18.7,C,72.0,C,0.0,C,17.93,C,19.3,C,0,0,0.0
2023-11-25,21.6,C,23.0,C,19.1,C,66.0,C,0.0,C,17.69,C,14.4,C,0,0,0.0
2023-11-26,20.6,C,23.7,C,18.1,C,72.0,C,0.0,C,17.47,C,8.0,C,0,0,0.0
2023-11-27,21.2,C,25.7,C,17.9,C,75.0,C,0.5,C,16.96,C,5.5,C,1,0,0.0
2023-11-28,22.2,C,24.4,C,19.5,C,63.0,C,0.0,C,17.06,C,10.8,C,0,0,0.0
2023-11-29,22.4,C,23.4,C,20.6,C,72.0,C,0.0,C,6.33,C,6.8,C,0,0,0.0
2023-11-30,22.9,C,25.2,C,20.0,C,77.0,C,0.0,C,9.49,C,9.5,C,0,0,0.0
2023-12-01,20.2,C,22.5,C,18.3,C,69.0,C,0.0,C,11.3,C,16.0,C,0,0,0.0
2023-12-02,19.2,C,21.4,C,16.9,C,70.0,C,0.0,C,9.72,C,8.4,C,0,0,0.0
2023-12-03,20.8,C,22.6,C,19.1,C,74.0,C,0.0,C,9.96,C,7.9,C,0,0,0.0
2023-12-04,21.0,C,23.5,C,19.7,C,79.0,C,0.0,C,11.94,C,6.5,C,0,0,0.0
2023-12-05,20.7,C,23.6,C,18.6,C,77.0,C,0.0,C,16.3,C,6.2,C,0,0,0.0
2023-12-06,20.7,C,21.8,C,19.3,C,70.0,C,0.0,C,6.31,C,9.3,C,0,0,0.0
2023-12-07,19.8,C,23.8,C,16.7,C,50.0,C,0.0,C,17.93,C,9.2,C,0,0,0.0
2023-12-08,19.9,C,23.0,C,16.2,C,70.0,C,0.0,C,14.88,C,3.5,C,0,0,0.0
2023-12-09,22.1,C,23.8,C,20.3,C,82.0,C,0.0,C,5.72,C,2.0,C,0,0,0.0
2023-12-10,23.2,C,25.6,C,21.1,C,82.0,C,0.0,C,11.53,C,3.0,C,0,0,0.0
2023-12-11,23.2,C,26.0,C,21.5,C,89.0,C,0.5,C,13.24,C,2.1,C,1,0,0.0
2023-12-12,23.7,C,27.3,C,20.9,C,83.0,C,0.0,C,15.63,C,10.8,C,0,0,0.0
2023-12-13,21.8,C,22.4,C,20.9,C,85.0,C,0.5,C,4.28,C,11.3,C,1,0,0.0
2023-12-14,22.4,C,23.9,C,20.8,C,84.0,C,0.0,C,6.5,C,3.1,C,0,0,0.0
2023-12-15,23.6,C,26.1,C,22.1,C,86.0,C,0.5,C,16.2,C,3.9,C,1,0,0.0
2023-12-16,17.4,C,23.5,C,11.9,C,72.0,C,0.0,C,11.15,C,19.5,C,0,0,0.0
2023-12-17,12.1,C,14.0,C,10.0,C,74.0,C,0.0,C,5.67,C,21.2,C,0,0,0.0
2023-12-18,16.7,C,18.3,C,13.9,C,79.0,C,0.0,C,3.0,C,8.2,C,0,0,0.0
2023-12-19,16.3,C,18.2,C,14.1,C,72.0,C,0.0,C,10.5,C,10.5,C,0,0,0.0
2023-12-20,12.6,C,15.0,C,9.2,C,65.0,C,0.0,C,6.24,C,12.3,C,0,0,0.0
2023-12-21,10.1,C,11.8,C,9.2,C,67.0,C,0.0,C,4.43,C,19.8,C,0,0,0.0
2023-12-22,9.8,C,12.0,C,7.8,C,49.0,C,0.0,C,6.95,C,14.9,C,0,0,0.0
2023-12-23,10.4,C,12.2,C,7.2,C,54.0,C,1.0,C,6.89,C,14.3,C,1,0,0.0
2023-12-24,12.8,C,16.4,C,9.4,C,48.0,C,0.0,C,17.28,C,14.2,C,0,0,0.0
2023-12-25,13.7,C,17.6,C,11.4,C,47.0,C,0.0,C,17.36,C,8.6,C,0,0,0.0
2023-12-26,15.2,C,18.4,C,11.3,C,64.0,C,0.0,C,13.4,C,5.8,C,0,0,0.0
2023-12-27,17.8,C,21.6,C,15.0,C,63.0,C,0.0,C,9.04,C,1.9,C,0,0,0.0
2023-12-28,19.0,C,22.7,C,16.8,C,76.0,C,0.0,C,12.05,C,3.0,C,0,0,0.0
2023-12-29,18.3,C,19.9,C,16.3,C,83.0,C,0.0,C,10.15,C,5.4,C,0,0,0.0
2023-12-30,19.1,C,22.0,C,15.8,C,77.0,C,0.0,C,12.41,C,3.3,C,0,0,0.0
2023-12-31,20.8,C,23.9,C,16.9,C,75.0,C,0.0,C,16.6,C,4.4,C,0,0,0.0
2024-01-01,19.3,C,20.8,C,18.5,C,77.0,C,0.0,C,13.96,C,10.1,C,0,0,0.0
2024-01-02,17.8,C,19.4,C,15.6,C,79.0,C,0.0,C,9.9,C,11.0,C,0,0,0.0
2024-01-03,17.6,C,20.4,C,14.4,C,64.0,C,0.0,C,15.82,C,15.8,C,0,0,0.0
2024-01-04,15.6,C,17.9,C,14.1,C,69.0,C,0.0,C,15.81,C,8.1,C,0,0,0.0
2024-01-05,17.4,C,19.9,C,14.2,C,79.0,C,0.0,C,16.49,C,4.1,C,0,0,0.0
2024-01-06,18.2,C,21.3,C,15.3,C,82.0,C,0.0,C,16.39,C,3.9,C,0,0,0.0
2024-01-07,19.0,C,20.7,C,16.0,C,75.0,C,0.0,C,14.14,C,8.9,C,0,0,0.0
2024-01-08,18.5,C,19.5,C,17.6,C,74.0,C,0.0,C,13.07,C,8.8,C,0,0,0.0
2024-01-09,19.1,C,21.8,C,16.3,C,82.0,C,0.0,C,15.06,C,4.4,C,0,0,0.0
2024-01-10,19.3,C,22.3,C,17.7,C,68.0,C,0.0,C,16.95,C,12.6,C,0,0,0.0
2024-01-11,17.8,C,19.9,C,16.1,C,69.0,C,0.0,C,13.8,C,6.8,C,0,0,0.0
2024-01-12,17.6,C,20.2,C,15.6,C,78.0,C,0.0,C,14.41,C,4.9,C,0,0,0.0
2024-01-13,18.4,C,21.4,C,15.8,C,62.0,C,0.0,C,12.79,C,5.3,C,0,0,0.0
2024-01-14,19.4,C,23.1,C,16.5,C,57.0,C,0.0,C,14.77,C,4.9,C,0,0,0.0
2024-01-15,19.3,C,23.4,C,15.8,C,78.0,C,0.0,C,17.68,C,9.2,C,0,0,0.0
2024-01-16,18.3,C,19.2,C,17.2,C,77.0,C,0.0,C,13.02,C,17.4,C,0,0,0.0
2024-01-17,18.6,C,21.0,C,16.1,C,75.0,C,0.0,C,7.63,C,3.9,C,0,0,0.0
2024-01-18,20.3,C,23.3,C,17.7,C,77.0,C,0.0,C,12.16,C,3.1,C,0,0,0.0
2024-01-19,19.5,C,22.9,C,16.2,C,81.0,C,0.0,C,17.13,C,4.5,C,0,0,0.0
2024-01-20,21.0,C,24.7,C,18.2,C,75.0,C,0.0,C,15.69,C,6.5,C,0,0,0.0
2024-01-21,17.6,C,20.0,C,14.5,C,67.0,C,0.0,C,10.25,C,10.0,C,0,0,0.0
2024-01-22,13.3,C,17.4,C,8.4,C,73.0,C,0.0,C,6.73,C,19.4,C,0,0,0.0
2024-01-23,6.8,C,8.7,C,5.3,C,74.0,C,3.5,C,5.87,C,17.1,C,1,0,0.0
2024-01-24,7.9,C,10.4,C,5.6,C,61.0,C,0.0,C,13.03,C,16.5,C,0,0,0.0
2024-01-25,11.5,C,15.0,C,8.8,C,54.0,C,0.0,C,11.18,C,10.6,C,0,0,0.0
2024-01-26,14.1,C,16.5,C,11.8,C,59.0,C,0.0,C,12.05,C,8.3,C,0,0,0.0
2024-01-27,14.3,C,15.9,C,12.0,C,65.0,C,0.5,C,7.8,C,10.6,C,1,0,0.0
2024-01-28,12.6,C,14.4,C,10.8,C,81.0,C,0.5,C,6.39,C,9.1,C,1,0,0.0
2024-01-29,15.4,C,17.3,C,13.6,C,81.0,C,0.0,C,6.02,C,4.3,C,0,0,0.0
2024-01-30,18.1,C,20.2,C,16.4,C,87.0,C,1.0,C,4.55,C,2.3,C,1,0,0.0
2024-01-31,18.8,C,19.8,C,17.6,C,94.0,C,0.0,C,2.02,C,2.8,C,0,0,0.0
2024-02-01,19.9,C,21.9,C,19.0,C,96.0,C,0.5,C,9.96,C,3.0,C,1,0,0.0
2024-02-02,20.3,C,23.7,C,17.6,C,93.0,C,0.0,C,15.27,C,7.3,C,0,0,0.0
2024-02-03,19.0,C,21.3,C,17.1,C,87.0,C,0.0,C,6.26,C,5.3,C,0,0,0.0
2024-02-04,19.0,C,19.7,C,18.8,C,95.0,C,1.0,C,2.45,C,3.3,C,1,0,0.0
2024-02-05,19.8,C,21.7,C,18.1,C,87.0,C,0.0,C,6.33,C,3.6,C,0,0,0.0
2024-02-06,18.5,C,19.4,C,17.7,C,87.0,C,1.0,C,5.57,C,9.8,C,1,0,0.0
2024-02-07,16.1,C,18.0,C,13.0,C,91.0,C,1.0,C,2.28,C,7.1,C,1,0,0.0
2024-02-08,11.6,C,13.1,C,10.7,C,85.0,C,1.5,C,2.32,C,11.0,C,1,0,0.0
2024-02-09,11.9,C,13.8,C,10.0,C,76.0,C,0.5,C,4.8,C,10.5,C,1,0,0.0
2024-02-10,13.6,C,16.9,C,11.6,C,69.0,C,0.5,C,12.05,C,6.8,C,1,0,0.0
2024-02-11,16.3,C,21.6,C,11.4,C,59.0,C,0.0,C,21.6,C,6.8,C,0,0,0.0
2024-02-12,17.1,C,19.5,C,14.6,C,53.0,C,0.0,C,21.22,C,9.1,C,0,0,0.0
2024-02-13,18.2,C,21.3,C,14.9,C,71.0,C,0.0,C,14.52,C,4.2,C,0,0,0.0
2024-02-14,19.9,C,24.0,C,16.9,C,83.0,C,0.0,C,17.8,C,4.5,C,0,0,0.0
2024-02-15,21.2,C,25.2,C,18.6,C,78.0,C,0.0,C,18.0,C,4.8,C,0,0,0.0
2024-02-16,19.2,C,20.7,C,18.0,C,81.0,C,0.0,C,8.7,C,9.3,C,0,0,0.0
2024-02-17,18.5,C,19.8,C,17.4,C,84.0,C,0.0,#,10.42,C,7.6,C,0,0,0.0
2024-02-18,20.9,C,23.5,C,19.0,C,89.0,C,,,8.82,C,4.3,C,0,0,0.0
2024-02-19,21.7,C,24.0,C,20.2,C,93.0,C,0.0,C,6.28,C,4.5,C,0,0,0.0
2024-02-20,22.7,C,24.7,C,21.4,C,93.0,C,0.0,C,7.47,C,8.1,C,0,0,0.0
2024-02-21,22.9,C,26.4,C,21.4,C,92.0,C,0.0,C,17.44,C,8.9,C,0,0,0.0
2024-02-22,22.7,C,24.2,C,21.6,C,92.0,C,0.0,C,8.37,C,5.2,C,0,0,0.0
2024-02-23,19.5,C,22.1,#,17.7,#,83.0,C,0.0,C,3.56,C,10.0,C,0,0,0.0
2024-02-24,17.3,C,20.3,C,15.3,C,75.0,C,0.0,C,9.23,C,12.0,C,0,0,0.0
2024-02-25,16.2,C,18.4,C,14.1,C,73.0,C,0.0,C,13.24,C,9.8,C,0,0,0.0
2024-02-26,17.3,C,20.2,C,15.0,C,76.0,C,0.5,C,8.85,C,5.7,C,1,0,0.0
2024-02-27,16.4,C,18.9,C,13.9,C,72.0,C,0.0,C,9.88,C,9.4,C,0,0,0.0
2024-02-28,17.8,C,18.4,C,17.4,C,87.0,C,0.0,C,3.24,C,11.0,C,0,0,0.0
2024-02-29,18.3,C,21.4,C,14.8,C,86.0,C,0.5,C,4.04,C,5.9,C,1,0,0.0
2024-03-01,12.0,C,14.9,C,9.4,C,74.0,C,0.5,C,2.74,C,10.8,C,1,0,0.0
2024-03-02,11.3,C,13.3,C,8.9,C,74.0,C,1.0,C,6.84,C,11.5,C,1,0,0.0
2024-03-03,15.5,C,17.5,C,13.2,C,82.0,C,0.5,C,4.24,C,6.0,C,1,0,0.0
2024-03-04,18.4,C,20.9,C,16.8,C,94.0,C,12.0,C,1.36,C,5.0,C,1,0,0.0
2024-03-05,22.0,C,24.0,C,20.5,C,95.0,C,0.5,C,11.46,C,8.9,C,1,0,0.0
2024-03-06,22.1,C,25.6,C,17.9,C,88.0,C,0.0,C,8.58,C,4.5,C,0,0,0.0
2024-03-07,17.2,C,18.5,C,15.6,C,74.0,C,1.0,C,5.8,C,12.3,C,1,0,0.0
2024-03-08,17.7,C,20.9,C,15.6,C,67.0,C,0.5,C,17.67,C,13.0,C,1,0,0.0
2024-03-09,16.4,C,18.7,C,14.5,C,75.0,C,2.0,C,2.12,C,16.6,C,1,0,0.0
2024-03-10,15.8,C,16.4,C,14.9,C,85.0,C,6.5,C,1.17,C,12.2,C,1,0,0.0
2024-03-11,17.1,C,19.0,C,15.7,C,89.0,C,11.5,C,3.51,C,7.5,C,1,0,0.0
2024-03-12,18.3,C,21.8,C,15.9,C,63.0,C,0.0,C,25.78,C,11.8,C,0,0,0.0
2024-03-13,18.7,C,20.4,C,16.0,C,65.0,C,0.0,C,12.04,C,12.7,C,0,0,0.0
2024-03-14,19.2,C,19.9,C,18.6,C,71.0,C,0.0,C,6.44,C,5.6,C,0,0,0.0
2024-03-15,19.7,C,20.7,C,18.6,C,82.0,C,0.0,C,4.22,C,5.1,C,0,0,0.0
2024-03-16,20.0,C,21.4,C,18.8,C,91.0,C,1.5,C,4.57,C,3.3,C,1,0,0.0
2024-03-17,21.8,C,25.8,C,20.0,C,90.0,C,0.0,C,13.19,C,3.1,C,0,0,0.0
2024-03-18,19.9,C,21.1,C,19.4,C,94.0,C,0.5,C,2.63,C,5.0,C,1,0,0.0
2024-03-19,20.3,C,22.9,#,17.4,#,69.0,C,0.5,C,13.57,C,11.7,C,1,0,0.0
2024-03-20,19.5,C,22.8,C,17.3,C,58.0,C,0.0,C,22.81,C,11.5,C,0,0,0.0
2024-03-21,19.5,C,21.1,C,16.0,C,67.0,C,0.0,C,21.35,C,7.8,C,0,0,0.0
2024-03-22,21.4,C,23.8,C,19.7,C,87.0,C,0.0,C,11.45,C,3.8,C,0,0,0.0
2024-03-23,23.2,C,25.9,C,21.4,C,90.0,C,0.0,C,14.07,C,6.2,C,0,0,0.0
2024-03-24,24.7,C,28.7,C,22.8,C,87.0,C,0.0,C,25.03,C,8.5,C,0,0,0.6999999999999993
2024-03-25,25.2,C,29.3,C,23.0,C,84.0,C,0.0,C,20.1,C,4.9,C,0,0,1.1999999999999993
2024-03-26,25.2,C,30.1,C,22.1,C,81.0,C,0.0,C,21.06,C,6.9,C,0,0,1.1999999999999993
2024-03-27,21.5,C,22.7,C,20.4,C,85.0,C,0.0,C,4.52,C,11.5,C,0,0,0.0
2024-03-28,24.0,C,26.9,C,21.8,C,86.0,C,0.5,C,14.63,C,4.0,C,1,0,0.0
2024-03-29,24.6,C,27.0,C,22.5,C,86.0,C,0.0,C,16.58,C,5.3,C,0,0,0.6000000000000014
2024-03-30,24.8,C,26.4,C,23.7,C,91.0,C,1.0,C,15.55,C,10.1,C,1,0,0.8000000000000007
2024-03-31,26.4,C,28.1,C,24.7,C,88.0,C,0.5,C,4.07,C,7.3,C,1,0,2.3999999999999986
2024-04-01,25.9,C,28.1,C,25.1,C,91.0,C,0.0,C,10.2,C,13.6,C,0,0,1.8999999999999986
2024-04-02,25.8,C,27.9,C,24.6,C,89.0,C,0.0,C,15.77,C,17.1,C,0,0,1.8000000000000007
2024-04-03,26.0,C,28.5,C,24.8,C,90.0,C,0.0,C,9.77,C,16.1,C,0,0,2.0
2024-04-04,26.2,C,28.6,C,25.2,C,90.0,C,0.5,C,10.44,C,12.0,C,1,0,2.1999999999999993
2024-04-05,25.6,C,27.1,C,23.8,C,88.0,C,0.0,C,9.11,C,21.0,C,0,0,1.6000000000000014
2024-04-06,23.5,C,24.8,C,22.6,C,92.0,C,43.0,C,1.2,C,11.1,C,1,0,0.0
2024-04-07,24.2,C,26.4,C,22.9,C,92.0,C,26.0,C,7.2,C,4.9,C,1,0,0.1999999999999993
2024-04-08,24.3,C,27.1,C,21.9,C,90.0,C,0.0,C,7.74,C,4.3,C,0,0,0.3000000000000007
2024-04-09,21.9,C,22.6,C,20.7,C,81.0,C,1.0,C,3.69,C,9.8,C,1,0,0.0
2024-04-10,22.9,C,24.4,C,21.7,C,71.0,C,0.0,C,19.0,C,8.3,C,0,0,0.0
2024-04-11,23.7,C,26.1,C,22.4,C,81.0,C,0.0,C,18.86,C,6.7,C,0,0,0.0
2024-04-12,24.7,C,27.8,#,21.5,#,84.0,C,0.0,C,22.37,C,4.5,C,0,0,0.6999999999999993
2024-04-13,25.6,C,29.2,C,22.6,C,84.0,C,0.0,C,22.18,C,9.0,C,0,0,1.6000000000000014
2024-04-14,26.1,C,27.9,C,24.6,C,90.0,C,0.0,#,22.39,C,10.1,C,0,0,2.1000000000000014
2024-04-15,26.9,C,30.7,C,24.9,C,87.0,C,0.0,C,15.85,C,6.4,C,0,0,2.8999999999999986
2024-04-16,27.5,C,31.9,C,23.5,C,79.0,C,0.0,C,22.35,C,6.1,C,0,0,3.5
2024-04-17,28.3,C,31.4,C,26.0,C,81.0,C,0.0,C,17.73,C,9.4,C,0,1,4.300000000000001
2024-04-18,26.3,C,30.6,C,24.4,C,85.0,C,47.0,C,8.03,C,5.0,C,1,0,2.3000000000000007
2024-04-19,26.8,C,28.0,C,24.6,C,89.0,C,3.0,C,8.95,C,21.4,C,1,0,2.8000000000000007
2024-04-20,26.5,C,29.4,#,21.8,#,86.0,C,67.5,C,9.67,C,17.1,C,1,0,2.5
2024-04-21,23.4,C,26.0,C,21.5,C,91.0,C,37.5,C,2.06,C,6.2,C,1,0,0.0
2024-04-22,24.5,C,26.7,C,22.5,C,92.0,C,10.0,C,5.83,C,2.3,C,1,0,0.5
2024-04-23,24.5,C,26.1,#,23.4,#,94.0,C,68.0,C,3.28,C,3.4,C,1,0,0.5
2024-04-24,25.3,C,27.7,C,23.4,C,92.0,C,0.5,C,7.31,C,3.5,C,1,0,1.3000000000000007
2024-04-25,26.1,C,29.8,C,23.6,C,87.0,C,47.0,C,8.37,C,8.0,C,1,0,2.1000000000000014
2024-04-26,26.4,C,29.0,C,23.1,C,91.0,C,96.5,C,2.0,C,8.5,C,1,0,2.3999999999999986
2024-04-27,28.0,C,30.1,C,25.5,C,89.0,C,2.5,C,6.43,C,11.5,C,1,0,4.0
2024-04-28,24.7,C,27.1,C,23.5,C,91.0,C,29.5,C,3.16,C,11.1,C,1,0,0.6999999999999993
2024-04-29,26.6,C,28.1,C,24.9,C,91.0,C,0.0,C,11.07,C,9.4,C,0,0,2.6000000000000014
2024-04-30,28.2,C,30.9,#,22.4,#,82.0,C,21.0,C,6.5,C,14.8,C,1,1,4.199999999999999
2024-05-01,23.7,C,24.5,#,22.6,#,92.0,C,49.5,C,3.62,C,3.6,C,1,0,0.0
2024-05-02,24.2,C,24.8,C,23.4,C,90.0,C,1.0,C,3.44,C,12.0,C,1,0,0.1999999999999993
2024-05-03,24.1,C,24.5,C,23.8,C,86.0,C,0.0,C,4.67,C,13.2,C,0,0,0.10000000000000142
2024-05-04,23.5,C,24.6,#,22.2,#,95.0,C,256.0,C,2.47,C,10.4,C,1,0,0.0
2024-05-05,24.8,C,28.0,C,21.8,C,87.0,C,5.0,C,16.88,C,3.4,C,1,0,0.8000000000000007
2024-05-06,27.0,C,30.7,C,23.8,C,87.0,C,0.0,C,22.04,C,4.5,C,0,0,3.0
2024-05-07,26.7,C,30.9,C,24.9,C,84.0,C,7.5,C,15.96,C,6.9,C,1,0,2.6999999999999993
2024-05-08,26.2,C,29.1,C,23.8,C,79.0,C,0.0,C,16.35,C,4.5,C,0,0,2.1999999999999993
2024-05-09,25.6,C,26.5,C,25.0,C,69.0,C,0.0,C,18.35,C,18.7,C,0,0,1.6000000000000014
2024-05-10,25.0,C,25.7,C,24.1,C,75.0,C,0.0,C,10.29,C,16.2,C,0,0,1.0
2024-05-11,26.6,C,30.7,C,24.6,C,81.0,C,0.0,C,22.05,C,6.3,C,0,0,2.6000000000000014
2024-05-12,26.5,C,30.2,C,24.9,C,89.0,C,13.5,C,13.21,C,3.3,C,1,0,2.5
2024-05-13,26.0,C,29.7,C,23.9,C,81.0,C,0.0,C,14.57,C,13.1,C,0,0,2.0
2024-05-14,24.8,C,26.8,C,23.0,C,66.0,C,0.0,C,26.81,C,12.8,C,0,0,0.8000000000000007
2024-05-15,25.5,C,29.4,C,22.4,C,65.0,C,0.0,C,24.44,C,5.5,C,0,0,1.5
2024-05-16,25.0,C,27.7,C,22.4,C,63.0,C,0.0,C,24.45,C,11.2,C,0,0,1.0
2024-05-17,25.6,C,28.6,C,23.6,C,71.0,C,0.0,C,19.22,C,7.2,C,0,0,1.6000000000000014
2024-05-18,25.8,C,28.1,C,24.3,C,74.0,C,0.0,C,15.81,C,6.2,C,0,0,1.8000000000000007
2024-05-19,24.9,C,25.7,#,23.4,#,83.0,C,42.5,C,3.52,C,11.7,C,1,0,0.8999999999999986
2024-05-20,24.5,C,25.0,C,23.9,C,91.0,C,9.5,C,2.94,C,18.8,C,1,0,0.5
2024-05-21,25.1,C,25.6,#,24.2,#,95.0,C,57.0,C,3.62,C,6.9,C,1,0,1.1000000000000014
2024-05-22,25.8,C,27.6,C,24.9,C,91.0,C,0.0,C,6.82,C,4.8,C,0,0,1.8000000000000007
2024-05-23,25.1,C,26.4,C,24.0,C,93.0,C,13.5,C,4.33,C,5.7,C,1,0,1.1000000000000014
2024-05-24,24.9,C,26.0,C,24.2,C,94.0,C,27.5,C,3.15,C,2.4,C,1,0,0.8999999999999986
2024-05-25,25.7,C,27.0,C,24.4,C,94.0,C,21.5,C,8.99,C,5.3,C,1,0,1.6999999999999993
2024-05-26,26.8,C,29.0,C,25.4,C,91.0,C,0.0,C,9.87,C,5.0,C,0,0,2.8000000000000007
2024-05-27,28.6,C,31.1,C,26.7,C,85.0,C,7.0,C,11.87,C,6.8,C,1,1,4.600000000000001
